"Id","LotArea","Neighborhood","BldgType","OverallQual","OverallCond","YearBuilt","YearRemodAdd","MoSold","YrSold","SalePrice"
1,8450,"CollgCr","1Fam",7,5,2003,2003,2,2008,208500
2,9600,"Veenker","1Fam",6,8,1976,1976,5,2007,181500
3,11250,"CollgCr","1Fam",7,5,2001,2002,9,2008,223500
4,9550,"Crawfor","1Fam",7,5,1915,1970,2,2006,140000
5,14260,"NoRidge","1Fam",8,5,2000,2000,12,2008,250000
6,14115,"Mitchel","1Fam",5,5,1993,1995,10,2009,143000
7,10084,"Somerst","1Fam",8,5,2004,2005,8,2007,307000
8,10382,"NWAmes","1Fam",7,6,1973,1973,11,2009,200000
9,6120,"OldTown","1Fam",7,5,1931,1950,4,2008,129900
10,7420,"BrkSide","2fmCon",5,6,1939,1950,1,2008,118000
11,11200,"Sawyer","1Fam",5,5,1965,1965,2,2008,129500
12,11924,"NridgHt","1Fam",9,5,2005,2006,7,2006,345000
13,12968,"Sawyer","1Fam",5,6,1962,1962,9,2008,144000
14,10652,"CollgCr","1Fam",7,5,2006,2007,8,2007,279500
15,10920,"NAmes","1Fam",6,5,1960,1960,5,2008,157000
16,6120,"BrkSide","1Fam",7,8,1929,2001,7,2007,132000
17,11241,"NAmes","1Fam",6,7,1970,1970,3,2010,149000
18,10791,"Sawyer","Duplex",4,5,1967,1967,10,2006,90000
19,13695,"SawyerW","1Fam",5,5,2004,2004,6,2008,159000
20,7560,"NAmes","1Fam",5,6,1958,1965,5,2009,139000
21,14215,"NridgHt","1Fam",8,5,2005,2006,11,2006,325300
22,7449,"IDOTRR","1Fam",7,7,1930,1950,6,2007,139400
23,9742,"CollgCr","1Fam",8,5,2002,2002,9,2008,230000
24,4224,"MeadowV","TwnhsE",5,7,1976,1976,6,2007,129900
25,8246,"Sawyer","1Fam",5,8,1968,2001,5,2010,154000
26,14230,"NridgHt","1Fam",8,5,2007,2007,7,2009,256300
27,7200,"NAmes","1Fam",5,7,1951,2000,5,2010,134800
28,11478,"NridgHt","1Fam",8,5,2007,2008,5,2010,306000
29,16321,"NAmes","1Fam",5,6,1957,1997,12,2006,207500
30,6324,"BrkSide","1Fam",4,6,1927,1950,5,2008,68500
31,8500,"IDOTRR","1Fam",4,4,1920,1950,7,2008,40000
32,8544,"Sawyer","1Fam",5,6,1966,2006,6,2008,149350
33,11049,"CollgCr","1Fam",8,5,2007,2007,1,2008,179900
34,10552,"NAmes","1Fam",5,5,1959,1959,4,2010,165500
35,7313,"NridgHt","TwnhsE",9,5,2005,2005,8,2007,277500
36,13418,"NridgHt","1Fam",8,5,2004,2005,9,2006,309000
37,10859,"CollgCr","1Fam",5,5,1994,1995,6,2009,145000
38,8532,"NAmes","1Fam",5,6,1954,1990,10,2009,153000
39,7922,"NAmes","1Fam",5,7,1953,2007,1,2010,109000
40,6040,"Edwards","Duplex",4,5,1955,1955,6,2008,82000
41,8658,"NAmes","1Fam",6,5,1965,1965,12,2006,160000
42,16905,"Timber","1Fam",5,6,1959,1959,7,2007,170000
43,9180,"SawyerW","1Fam",5,7,1983,1983,12,2007,144000
44,9200,"CollgCr","1Fam",5,6,1975,1980,7,2008,130250
45,7945,"NAmes","1Fam",5,6,1959,1959,5,2006,141000
46,7658,"NridgHt","TwnhsE",9,5,2005,2005,2,2010,319900
47,12822,"Mitchel","1Fam",7,5,2003,2003,8,2009,239686
48,11096,"Somerst","1Fam",8,5,2006,2006,7,2007,249700
49,4456,"OldTown","2fmCon",4,5,1920,2008,6,2009,113000
50,7742,"Sawyer","1Fam",5,7,1966,1966,1,2007,127000
51,13869,"Gilbert","1Fam",6,6,1997,1997,7,2007,177000
52,6240,"BrkSide","1Fam",6,6,1934,1950,9,2006,114500
53,8472,"IDOTRR","Duplex",5,5,1963,1963,5,2010,110000
54,50271,"Veenker","1Fam",9,5,1981,1987,11,2006,385000
55,7134,"NAmes","1Fam",5,5,1955,1955,2,2007,130000
56,10175,"NAmes","1Fam",6,5,1964,1964,7,2008,180500
57,2645,"Somerst","Twnhs",8,5,1999,2000,8,2009,172500
58,11645,"CollgCr","1Fam",7,5,2004,2004,8,2006,196500
59,13682,"StoneBr","1Fam",10,5,2006,2006,10,2006,438780
60,7200,"CollgCr","1Fam",5,7,1972,1972,1,2008,124900
61,13072,"SawyerW","1Fam",6,5,2004,2004,5,2006,158000
62,7200,"IDOTRR","1Fam",5,7,1920,1996,3,2007,101000
63,6442,"NridgHt","TwnhsE",8,5,2006,2006,10,2007,202500
64,10300,"OldTown","1Fam",7,6,1921,1950,4,2010,140000
65,9375,"CollgCr","1Fam",7,5,1997,1998,2,2009,219500
66,9591,"NridgHt","1Fam",8,5,2004,2005,10,2007,317000
67,19900,"NAmes","1Fam",7,5,1970,1989,7,2010,180000
68,10665,"CollgCr","1Fam",7,5,2003,2003,6,2007,226000
69,4608,"OldTown","1Fam",4,6,1945,1950,6,2010,80000
70,15593,"ClearCr","1Fam",7,4,1953,1953,7,2006,225000
71,13651,"NAmes","1Fam",7,6,1973,1973,2,2007,244000
72,7599,"Mitchel","1Fam",4,6,1982,2006,6,2007,129500
73,10141,"Gilbert","1Fam",7,5,1998,1998,12,2009,185000
74,10200,"NAmes","1Fam",5,7,1954,2003,5,2010,144900
75,5790,"OldTown","1Fam",3,6,1915,1950,5,2010,107400
76,1596,"MeadowV","Twnhs",4,5,1973,1973,11,2009,91000
77,8475,"NAmes","1Fam",4,7,1956,1956,4,2008,135750
78,8635,"BrkSide","1Fam",5,5,1948,2001,1,2008,127000
79,10778,"Sawyer","Duplex",4,5,1968,1968,4,2010,136500
80,10440,"OldTown","1Fam",5,6,1910,1981,5,2009,110000
81,13000,"NAmes","1Fam",6,6,1968,1968,6,2009,193500
82,4500,"Mitchel","TwnhsE",6,5,1998,1998,3,2006,153500
83,10206,"Somerst","1Fam",8,5,2007,2007,10,2008,245000
84,8892,"NAmes","1Fam",5,5,1960,1960,7,2007,126500
85,8530,"Gilbert","1Fam",7,5,1995,1996,5,2009,168500
86,16059,"NoRidge","1Fam",8,5,1991,1992,4,2006,260000
87,11911,"Gilbert","1Fam",6,5,2005,2005,3,2009,174000
88,3951,"Somerst","TwnhsE",6,5,2009,2009,6,2009,164500
89,8470,"IDOTRR","1Fam",3,2,1915,1982,10,2009,85000
90,8070,"CollgCr","1Fam",4,5,1994,1995,8,2007,123600
91,7200,"NAmes","1Fam",4,5,1950,1950,7,2006,109900
92,8500,"NAmes","1Fam",5,3,1961,1961,12,2006,98600
93,13360,"Crawfor","1Fam",5,7,1921,2006,8,2009,163500
94,7200,"OldTown","2fmCon",6,6,1910,1998,11,2007,133900
95,9337,"CollgCr","1Fam",6,5,1997,1997,5,2007,204750
96,9765,"Gilbert","1Fam",6,8,1993,1993,4,2009,185000
97,10264,"CollgCr","1Fam",7,5,1999,1999,8,2006,214000
98,10921,"Edwards","1Fam",4,5,1965,1965,5,2007,94750
99,10625,"Edwards","1Fam",5,5,1920,1950,5,2010,83000
100,9320,"NAmes","1Fam",4,5,1959,1959,1,2010,128950
101,10603,"NWAmes","1Fam",6,7,1977,2001,2,2010,205000
102,9206,"SawyerW","1Fam",6,5,1985,1985,6,2010,178000
103,7018,"SawyerW","Duplex",5,5,1979,1979,6,2009,118964
104,10402,"CollgCr","1Fam",7,5,2009,2009,5,2010,198900
105,7758,"IDOTRR","1Fam",7,4,1931,1950,6,2007,169500
106,9375,"Somerst","1Fam",8,5,2003,2004,8,2008,250000
107,10800,"OldTown","1Fam",4,7,1885,1995,8,2007,100000
108,6000,"OldTown","1Fam",5,5,1948,1950,4,2008,115000
109,8500,"IDOTRR","1Fam",5,7,1919,2005,8,2007,115000
110,11751,"NWAmes","1Fam",6,6,1977,1977,1,2010,190000
111,9525,"Edwards","1Fam",6,4,1954,1972,10,2006,136900
112,7750,"Gilbert","1Fam",7,5,2000,2000,4,2010,180000
113,9965,"CollgCr","1Fam",7,5,2007,2007,10,2007,383970
114,21000,"Crawfor","1Fam",6,5,1953,1953,10,2007,217000
115,7259,"Crawfor","1Fam",6,8,1945,2002,7,2007,259500
116,3230,"Somerst","TwnhsE",6,5,1999,1999,6,2007,176000
117,11616,"Sawyer","1Fam",5,5,1962,1962,9,2009,139000
118,8536,"Edwards","1Fam",5,5,2006,2007,4,2007,155000
119,12376,"SawyerW","1Fam",7,5,1990,1990,5,2010,320000
120,8461,"CollgCr","1Fam",6,5,2005,2006,7,2006,163990
121,21453,"ClearCr","1Fam",6,5,1969,1969,10,2006,180000
122,6060,"IDOTRR","1Fam",4,5,1939,1950,6,2007,100000
123,9464,"NAmes","1Fam",6,7,1958,1958,6,2008,136000
124,7892,"SawyerW","TwnhsE",6,5,1993,1993,3,2008,153900
125,17043,"NWAmes","1Fam",6,5,1979,1998,1,2009,181000
126,6780,"IDOTRR","2fmCon",6,8,1935,1982,6,2006,84500
127,4928,"NPkVill","TwnhsE",6,5,1976,1976,2,2007,128000
128,4388,"OldTown","1Fam",5,7,1930,1950,6,2007,87000
129,7590,"NAmes","1Fam",6,5,1966,1966,7,2006,155000
130,8973,"NAmes","1Fam",5,7,1958,1991,7,2006,150000
131,14200,"NAmes","1Fam",7,6,1966,1966,5,2006,226000
132,12224,"Gilbert","1Fam",6,5,2000,2000,7,2009,244000
133,7388,"NAmes","1Fam",5,6,1959,2002,7,2007,150750
134,6853,"Timber","1Fam",8,5,2001,2002,6,2009,220000
135,10335,"Sawyer","1Fam",5,6,1968,1993,7,2006,180000
136,10400,"NWAmes","1Fam",7,6,1970,1970,5,2008,174000
137,10355,"NAmes","1Fam",5,5,1967,1967,7,2007,143000
138,11070,"Mitchel","Duplex",7,5,1988,1989,7,2006,171000
139,9066,"CollgCr","1Fam",8,5,1999,2000,12,2008,230000
140,15426,"CollgCr","1Fam",6,5,1997,1997,8,2009,231500
141,10500,"NAmes","1Fam",4,5,1971,1971,4,2010,115000
142,11645,"CollgCr","1Fam",7,5,2005,2005,1,2006,260000
143,8520,"NAmes","1Fam",5,4,1952,1952,6,2010,166000
144,10335,"CollgCr","1Fam",7,5,1999,1999,6,2009,204000
145,9100,"Sawyer","Duplex",5,5,1963,1963,11,2006,125000
146,2522,"Edwards","Twnhs",6,5,2004,2006,4,2006,130000
147,6120,"BrkSide","1Fam",5,7,1931,1993,11,2009,105000
148,9505,"Gilbert","1Fam",7,5,2001,2001,5,2010,222500
149,7500,"SawyerW","1Fam",7,5,2004,2005,4,2008,141000
150,6240,"BrkSide","1Fam",5,4,1936,1950,4,2006,115000
151,10356,"CollgCr","1Fam",5,6,1975,1975,1,2007,122000
152,13891,"NridgHt","1Fam",8,5,2007,2008,1,2008,372402
153,14803,"NWAmes","1Fam",6,5,1971,1971,6,2006,190000
154,13500,"ClearCr","1Fam",6,7,1960,1975,3,2008,235000
155,11340,"OldTown","1Fam",6,5,1923,1950,3,2006,125000
156,9600,"Edwards","1Fam",6,5,1924,1950,4,2008,79000
157,7200,"NAmes","1Fam",5,7,1950,1950,6,2006,109500
158,12003,"Timber","1Fam",8,5,2009,2010,5,2010,269500
159,12552,"Somerst","1Fam",7,5,2004,2005,5,2010,254900
160,19378,"Gilbert","1Fam",7,5,2005,2006,3,2006,320000
161,11120,"Veenker","1Fam",6,6,1984,1984,6,2008,162500
162,13688,"NridgHt","1Fam",9,5,2003,2004,3,2008,412500
163,12182,"NridgHt","1Fam",7,5,2005,2005,5,2010,220000
164,5500,"OldTown","1Fam",4,6,1956,1956,4,2007,103200
165,5400,"OldTown","1Fam",6,7,1926,2004,10,2007,152000
166,10106,"Edwards","2fmCon",5,7,1940,1999,9,2008,127500
167,10708,"ClearCr","1Fam",5,5,1955,1993,11,2009,190000
168,10562,"NridgHt","1Fam",8,5,2007,2007,11,2007,325624
169,8244,"Gilbert","1Fam",7,5,2004,2004,5,2007,183500
170,16669,"Timber","1Fam",8,6,1981,1981,1,2006,228000
171,12358,"OldTown","1Fam",5,6,1941,1950,5,2007,128500
172,31770,"NAmes","1Fam",6,5,1960,1960,5,2010,215000
173,5306,"StoneBr","TwnhsE",7,7,1987,1987,6,2006,239000
174,10197,"NAmes","1Fam",6,5,1961,1961,6,2008,163000
175,12416,"Timber","1Fam",6,5,1986,1986,11,2008,184000
176,12615,"Edwards","1Fam",6,7,1950,2001,6,2007,243000
177,10029,"ClearCr","1Fam",6,5,1988,1989,9,2007,211000
178,13650,"Sawyer","1Fam",5,5,1958,1958,7,2006,172500
179,17423,"StoneBr","1Fam",9,5,2008,2009,7,2009,501837
180,8520,"OldTown","1Fam",5,6,1923,2006,7,2007,100000
181,2117,"Somerst","Twnhs",6,5,2000,2000,6,2007,177000
182,7588,"Crawfor","1Fam",7,6,1920,1950,7,2006,200100
183,9060,"Edwards","1Fam",5,6,1957,2006,6,2007,120000
184,11426,"OldTown","1Fam",7,5,2003,2003,6,2008,200000
185,7438,"BrkSide","1Fam",5,8,1908,1991,6,2006,127000
186,22950,"OldTown","1Fam",10,9,1892,1993,6,2006,475000
187,9947,"Mitchel","1Fam",7,5,1990,1991,6,2009,173000
188,10410,"OldTown","1Fam",5,7,1916,1987,8,2009,135000
189,7018,"SawyerW","Duplex",5,5,1979,1979,6,2009,153337
190,4923,"StoneBr","TwnhsE",8,5,2001,2002,8,2008,286000
191,10570,"Crawfor","1Fam",8,8,1932,1994,12,2007,315000
192,7472,"NAmes","1Fam",7,9,1972,2004,6,2007,184000
193,9017,"CollgCr","1Fam",7,5,1999,1999,9,2009,192000
194,2522,"Edwards","Twnhs",7,5,2004,2004,5,2006,130000
195,7180,"CollgCr","1Fam",5,7,1972,1972,5,2008,127000
196,2280,"NPkVill","Twnhs",6,6,1976,1976,7,2009,148500
197,9416,"Somerst","1Fam",7,5,2007,2007,9,2007,311872
198,25419,"NAmes","1Fam",8,4,1918,1990,3,2006,235000
199,5520,"OldTown","1Fam",6,6,1912,1950,7,2009,104000
200,9591,"NridgHt","1Fam",8,5,2004,2005,1,2009,274900
201,8546,"Edwards","1Fam",4,5,2003,2004,3,2010,140000
202,10125,"Mitchel","1Fam",6,6,1977,1977,2,2008,171500
203,7000,"OldTown","1Fam",6,6,1924,1950,5,2006,112000
204,4438,"CollgCr","TwnhsE",6,5,2004,2004,1,2008,149000
205,3500,"OldTown","1Fam",5,7,1947,1950,4,2009,110000
206,11851,"Gilbert","1Fam",7,5,1990,1990,5,2009,180500
207,13673,"Sawyer","1Fam",5,5,1962,1962,3,2007,143900
208,12493,"NAmes","1Fam",4,5,1960,1960,4,2008,141000
209,14364,"SawyerW","1Fam",7,5,1988,1989,4,2007,277000
210,8250,"NAmes","1Fam",6,7,1964,1964,7,2008,145000
211,5604,"Edwards","1Fam",5,6,1925,1950,4,2008,98000
212,10420,"Edwards","1Fam",6,5,2009,2009,3,2010,186000
213,8640,"Somerst","1Fam",7,5,2009,2009,7,2009,252678
214,13568,"CollgCr","1Fam",5,5,1995,1995,7,2006,156000
215,10900,"CollgCr","1Fam",6,7,1977,1977,3,2010,161750
216,10011,"NAmes","1Fam",5,6,1957,1996,5,2006,134450
217,8450,"CollgCr","1Fam",7,5,2004,2004,4,2008,210000
218,9906,"OldTown","1Fam",4,4,1925,1950,9,2006,107000
219,15660,"Crawfor","1Fam",7,9,1939,2006,5,2008,311500
220,3010,"Blmngtn","TwnhsE",7,5,2005,2006,3,2006,167240
221,8990,"CollgCr","1Fam",7,5,2006,2006,4,2006,204900
222,8068,"Gilbert","1Fam",6,5,2002,2002,12,2009,200000
223,11475,"NWAmes","1Fam",6,6,1975,1975,2,2006,179900
224,10500,"NAmes","1Fam",4,6,1971,1971,3,2009,97000
225,13472,"NridgHt","1Fam",10,5,2003,2003,6,2009,386250
226,1680,"BrDale","Twnhs",5,5,1971,1971,5,2009,112000
227,9950,"NoRidge","1Fam",7,5,1995,1995,6,2007,290000
228,1869,"BrDale","Twnhs",6,6,1970,1970,9,2008,106000
229,8521,"Sawyer","1Fam",5,5,1967,1967,5,2010,125000
230,3182,"Blmngtn","TwnhsE",7,5,2005,2006,5,2009,192500
231,8760,"NAmes","1Fam",6,6,1959,1959,4,2010,148000
232,15138,"NoRidge","1Fam",8,5,1995,1996,7,2009,403000
233,1680,"BrDale","Twnhs",6,5,1972,1972,6,2006,94500
234,10650,"CollgCr","1Fam",5,6,1976,1976,2,2010,128200
235,7851,"Gilbert","1Fam",6,5,2002,2002,5,2010,216500
236,1680,"BrDale","TwnhsE",6,3,1971,1971,8,2008,89500
237,8773,"CollgCr","1Fam",7,5,2004,2004,5,2010,185500
238,9453,"SawyerW","1Fam",7,7,1993,2003,2,2010,194500
239,12030,"NridgHt","1Fam",8,5,2007,2007,12,2007,318000
240,8741,"Edwards","1Fam",6,4,1945,1950,4,2010,113000
241,9000,"Somerst","1Fam",8,5,2008,2008,4,2010,262500
242,3880,"OldTown","1Fam",5,9,1945,1997,8,2007,110500
243,5000,"OldTown","1Fam",5,4,1900,1950,4,2006,79000
244,10762,"SawyerW","TwnhsE",6,6,1980,1980,4,2009,120000
245,8880,"SawyerW","1Fam",7,5,1994,2002,5,2010,205000
246,10400,"NWAmes","1Fam",7,5,1988,1988,6,2006,241500
247,9142,"OldTown","2fmCon",6,8,1910,1950,4,2006,137000
248,11310,"NAmes","1Fam",6,5,1954,1954,6,2006,140000
249,11317,"CollgCr","1Fam",7,5,2003,2003,9,2007,180000
250,159000,"ClearCr","1Fam",6,7,1958,2006,6,2007,277000
251,5350,"BrkSide","1Fam",3,2,1940,1966,5,2010,76500
252,4750,"Crawfor","TwnhsE",8,5,2006,2007,12,2007,235000
253,8366,"SawyerW","1Fam",6,5,2004,2004,12,2008,173000
254,9350,"NAmes","1Fam",6,7,1964,1991,10,2007,158000
255,8400,"NAmes","1Fam",5,6,1957,1957,6,2010,145000
256,8738,"Gilbert","1Fam",7,5,1999,1999,2,2006,230000
257,8791,"Somerst","1Fam",6,5,2003,2003,5,2008,207500
258,8814,"CollgCr","1Fam",7,5,2006,2006,3,2009,220000
259,12435,"CollgCr","1Fam",7,5,2001,2001,5,2008,231500
260,12702,"OldTown","1Fam",5,5,1956,1956,12,2008,97000
261,19296,"NAmes","1Fam",6,5,1962,1962,5,2009,176000
262,9588,"CollgCr","1Fam",8,5,2007,2007,11,2007,276000
263,8471,"Sawyer","1Fam",6,7,1977,1995,7,2006,151000
264,5500,"OldTown","1Fam",5,7,1929,2001,4,2010,130000
265,5232,"OldTown","1Fam",5,5,1925,2004,6,2008,73000
266,12090,"NWAmes","1Fam",6,6,1981,1981,6,2008,175500
267,11207,"Gilbert","1Fam",6,5,1997,1997,6,2006,185000
268,8400,"SWISU","1Fam",5,8,1939,1997,7,2008,179500
269,6900,"IDOTRR","1Fam",5,6,1940,1955,2,2008,120500
270,7917,"Edwards","1Fam",6,7,1976,1976,5,2007,148000
271,10728,"Somerst","1Fam",8,5,2006,2006,8,2006,266000
272,39104,"ClearCr","1Fam",7,7,1954,2005,4,2008,241500
273,11764,"NoRidge","1Fam",8,7,1999,2007,4,2010,290000
274,9600,"NAmes","1Fam",6,6,1958,1988,4,2009,139000
275,8314,"Mitchel","1Fam",5,7,1982,1982,6,2007,124500
276,7264,"BrkSide","1Fam",7,7,1925,2007,10,2009,205000
277,9196,"Mitchel","1Fam",7,5,2003,2003,4,2010,201000
278,19138,"Gilbert","1Fam",4,5,1951,1951,6,2010,141000
279,14450,"NridgHt","1Fam",9,5,2006,2007,5,2007,415298
280,10005,"ClearCr","1Fam",7,5,1977,1977,3,2008,192000
281,11287,"SawyerW","1Fam",7,6,1989,1989,1,2007,228500
282,7200,"Somerst","1Fam",6,5,2006,2006,5,2006,185000
283,5063,"NridgHt","Twnhs",7,5,2007,2008,4,2009,207500
284,9612,"Somerst","1Fam",8,5,2008,2009,12,2009,244600
285,8012,"SawyerW","TwnhsE",6,5,1992,1992,7,2007,179200
286,4251,"Somerst","TwnhsE",7,5,2006,2007,6,2007,164700
287,9786,"NAmes","1Fam",6,7,1962,1981,6,2006,159000
288,8125,"NAmes","1Fam",4,4,1971,1971,6,2006,88000
289,9819,"Sawyer","1Fam",5,5,1967,1967,2,2010,122000
290,8730,"BrkSide","1Fam",6,7,1915,2003,7,2007,153575
291,15611,"CollgCr","1Fam",8,5,2006,2006,7,2006,233230
292,5687,"SWISU","2fmCon",5,6,1912,2000,3,2008,135900
293,11409,"Edwards","1Fam",5,4,1949,2008,1,2009,131000
294,16659,"NWAmes","1Fam",7,7,1977,1994,3,2006,235000
295,9600,"NAmes","1Fam",6,5,1953,1953,10,2009,167000
296,7937,"Mitchel","1Fam",6,6,1984,1984,3,2006,142500
297,13710,"IDOTRR","1Fam",5,5,1950,1950,6,2007,152000
298,7399,"Somerst","1Fam",7,5,1997,1998,6,2007,239000
299,11700,"NWAmes","1Fam",6,6,1968,1968,6,2007,175000
300,14000,"Crawfor","1Fam",6,8,1950,2004,8,2009,158500
301,15750,"Crawfor","2fmCon",5,5,1953,1953,6,2006,157000
302,16226,"CollgCr","1Fam",8,5,1998,1999,5,2007,267000
303,13704,"CollgCr","1Fam",7,5,2001,2002,1,2006,205000
304,9800,"CollgCr","1Fam",5,7,1972,1972,7,2006,149900
305,18386,"OldTown","1Fam",7,9,1880,2002,5,2008,295000
306,10386,"CollgCr","1Fam",8,5,2004,2005,7,2007,305900
307,13474,"SawyerW","1Fam",7,5,1990,1991,6,2007,225000
308,7920,"IDOTRR","1Fam",6,7,1920,1950,3,2008,89500
309,12342,"Edwards","1Fam",4,5,1940,1950,3,2009,82500
310,12378,"NridgHt","1Fam",9,5,2003,2004,11,2006,360000
311,7685,"Gilbert","1Fam",6,5,1993,1994,5,2006,165600
312,8000,"NAmes","1Fam",6,6,1948,2002,5,2009,132000
313,7800,"OldTown","2fmCon",5,7,1939,1950,5,2006,119900
314,215245,"Timber","1Fam",7,5,1965,1965,6,2009,375000
315,9600,"OldTown","1Fam",7,7,1925,1990,8,2006,178000
316,7795,"Gilbert","1Fam",7,5,2004,2005,7,2009,188500
317,13005,"NWAmes","1Fam",7,7,1980,1980,8,2009,260000
318,9000,"Somerst","1Fam",8,5,2006,2006,12,2007,270000
319,9900,"NoRidge","1Fam",7,5,1993,1993,4,2009,260000
320,14115,"NWAmes","1Fam",7,5,1980,1980,6,2009,187500
321,16259,"NridgHt","1Fam",9,5,2006,2006,9,2006,342643
322,12099,"NridgHt","1Fam",8,5,2004,2004,6,2007,354000
323,10380,"SawyerW","1Fam",7,5,1986,1987,8,2007,301000
324,5820,"OldTown","1Fam",3,8,1955,2005,7,2006,126175
325,11275,"NAmes","1Fam",7,7,1967,2007,6,2010,242000
326,5000,"IDOTRR","1Fam",5,6,1941,1950,12,2007,87000
327,10846,"Veenker","TwnhsE",8,5,1993,1993,5,2008,324000
328,11600,"NAmes","1Fam",6,5,1960,1960,4,2006,145250
329,11888,"BrkSide","1Fam",6,6,1916,1994,7,2009,214500
330,6402,"IDOTRR","1Fam",5,5,1920,1950,7,2009,78000
331,10624,"NAmes","Duplex",5,4,1964,1964,11,2007,119000
332,8176,"NAmes","1Fam",5,6,1958,1992,8,2007,139000
333,10655,"NridgHt","1Fam",8,5,2003,2004,10,2009,284000
334,8198,"NridgHt","TwnhsE",7,5,2004,2004,7,2008,207000
335,9042,"Gilbert","1Fam",6,5,1998,1998,7,2008,192000
336,164660,"Timber","2fmCon",5,6,1965,1965,8,2008,228950
337,14157,"StoneBr","1Fam",9,5,2005,2006,7,2007,377426
338,9135,"CollgCr","1Fam",7,5,2002,2003,12,2008,214000
339,14145,"NWAmes","1Fam",7,7,1984,1998,5,2006,202500
340,12400,"NAmes","1Fam",6,7,1958,1998,6,2009,155000
341,14191,"Timber","1Fam",8,5,2002,2002,4,2010,202900
342,8400,"SawyerW","1Fam",4,4,1950,1950,9,2009,82000
343,8544,"NAmes","Duplex",3,4,1949,1950,5,2006,87500
344,8849,"NridgHt","TwnhsE",9,5,2005,2005,7,2008,266000
345,2592,"MeadowV","TwnhsE",5,3,1976,1976,4,2010,85000
346,6435,"BrkSide","1Fam",6,5,1939,1950,10,2006,140200
347,12772,"NAmes","1Fam",6,8,1960,1998,4,2007,151500
348,17600,"NAmes","1Fam",6,5,1960,1960,12,2009,157500
349,2448,"NridgHt","Twnhs",7,5,2003,2004,10,2008,154000
350,20431,"NridgHt","1Fam",9,5,2005,2006,4,2006,437154
351,7820,"NridgHt","TwnhsE",9,5,2007,2007,12,2007,318061
352,5271,"ClearCr","1Fam",7,5,1986,1986,12,2006,190000
353,9084,"Edwards","1Fam",5,6,1941,1950,3,2008,95000
354,8520,"OldTown","1Fam",6,8,1928,2003,5,2010,105900
355,8400,"SWISU","1Fam",6,5,1940,2000,6,2006,140000
356,11249,"CollgCr","1Fam",6,5,1995,1995,8,2007,177500
357,9248,"Gilbert","1Fam",6,6,1992,1992,7,2009,173000
358,4224,"MeadowV","TwnhsE",5,5,1976,1976,8,2007,134000
359,6930,"ClearCr","1Fam",5,4,1958,1958,7,2006,130000
360,12011,"NoRidge","1Fam",8,5,1998,1998,6,2006,280000
361,7540,"Mitchel","1Fam",6,6,1978,1978,6,2007,156000
362,9144,"BrkSide","1Fam",5,5,1940,1982,7,2008,145000
363,7301,"Edwards","1Fam",7,5,2003,2003,7,2009,198500
364,1680,"BrDale","Twnhs",6,8,1972,2007,5,2009,118000
365,18800,"NWAmes","1Fam",6,5,1976,1976,7,2006,190000
366,10690,"IDOTRR","1Fam",5,7,1920,1997,7,2009,147000
367,9500,"NAmes","1Fam",6,5,1963,1963,7,2009,159000
368,9150,"NAmes","1Fam",6,5,1962,1962,12,2008,165000
369,7800,"NAmes","1Fam",5,6,1954,1954,3,2010,132000
370,9830,"NAmes","1Fam",5,7,1959,2006,3,2010,162000
371,8121,"Gilbert","1Fam",6,5,2000,2000,1,2006,172400
372,17120,"ClearCr","1Fam",4,4,1959,1959,7,2008,134432
373,7175,"SawyerW","TwnhsE",6,5,1984,1984,2,2010,125000
374,10634,"NAmes","1Fam",5,6,1953,1953,11,2009,123000
375,8200,"CollgCr","1Fam",7,5,2003,2004,7,2007,219500
376,10020,"Edwards","1Fam",1,1,1922,1950,3,2009,61000
377,8846,"CollgCr","1Fam",5,5,1996,1996,7,2006,148000
378,11143,"Somerst","1Fam",8,5,2004,2005,12,2007,340000
379,11394,"StoneBr","1Fam",9,2,2010,2010,6,2010,394432
380,8123,"Gilbert","1Fam",6,5,2000,2000,6,2009,179000
381,5000,"SWISU","1Fam",5,6,1924,1950,5,2010,127000
382,7200,"Somerst","1Fam",7,5,2006,2006,8,2006,187750
383,9245,"CollgCr","1Fam",7,5,2006,2006,4,2007,213500
384,9000,"SawyerW","1Fam",6,3,1928,1950,10,2009,76000
385,53107,"ClearCr","1Fam",6,5,1992,1992,6,2007,240000
386,3182,"Blmngtn","TwnhsE",8,5,2004,2005,4,2010,192000
387,8410,"Edwards","1Fam",5,3,1910,1996,5,2006,81000
388,7200,"Edwards","1Fam",6,6,1976,1976,10,2009,125000
389,9382,"CollgCr","1Fam",7,5,1999,2000,7,2008,191000
390,12474,"NridgHt","1Fam",10,5,2007,2008,8,2008,426000
391,8405,"Edwards","1Fam",5,8,1900,1950,4,2008,119000
392,12209,"Mitchel","1Fam",6,5,2001,2002,6,2009,215000
393,8339,"NAmes","1Fam",5,7,1959,1959,7,2007,106500
394,7446,"BrkSide","1Fam",4,5,1941,1950,4,2006,100000
395,10134,"OldTown","1Fam",5,6,1940,1950,7,2007,109000
396,9571,"Edwards","1Fam",5,6,1956,1956,6,2010,129000
397,7200,"CollgCr","1Fam",5,5,1972,1972,9,2009,123000
398,7590,"NAmes","1Fam",5,5,1962,1962,7,2007,169500
399,8967,"IDOTRR","1Fam",5,2,1920,1950,11,2007,67000
400,8125,"Somerst","1Fam",7,5,2006,2007,10,2009,241000
401,14963,"Veenker","TwnhsE",8,5,1996,1996,12,2008,245500
402,8767,"CollgCr","1Fam",7,5,2005,2005,7,2006,164990
403,10200,"Sawyer","1Fam",5,8,1940,1997,8,2008,108000
404,12090,"NoRidge","1Fam",8,5,1998,1998,7,2006,258000
405,10364,"Gilbert","1Fam",6,5,1995,1996,5,2007,168000
406,9991,"Sawyer","1Fam",4,4,1976,1993,6,2009,150000
407,10480,"SWISU","1Fam",6,5,1936,1950,3,2008,115000
408,15576,"Crawfor","1Fam",6,7,1915,1976,3,2008,177000
409,14154,"NridgHt","1Fam",7,5,2006,2006,8,2007,280000
410,10800,"Somerst","1Fam",8,5,2007,2008,4,2008,339750
411,9571,"Edwards","1Fam",5,3,1958,1958,6,2009,60000
412,34650,"Gilbert","2fmCon",5,5,1955,1955,1,2006,145000
413,4403,"Somerst","1Fam",7,5,2009,2009,6,2010,222000
414,8960,"OldTown","1Fam",5,6,1927,1950,3,2010,115000
415,11228,"SawyerW","1Fam",7,5,1993,1993,12,2008,228000
416,8899,"Gilbert","1Fam",7,5,2007,2007,8,2007,181134
417,7844,"Sawyer","1Fam",6,7,1978,1978,3,2006,149500
418,22420,"Crawfor","1Fam",6,6,1918,1950,11,2007,239000
419,8160,"Edwards","1Fam",5,6,1940,1950,4,2007,126000
420,8450,"NAmes","1Fam",5,6,1968,1968,7,2010,142000
421,7060,"Mitchel","Duplex",7,5,1997,1998,11,2008,206300
422,16635,"NWAmes","1Fam",6,7,1977,2000,6,2009,215000
423,21750,"Mitchel","1Fam",5,5,1954,1954,2,2008,113000
424,9200,"NoRidge","1Fam",8,5,1998,1998,6,2008,315000
425,9000,"NAmes","1Fam",6,5,1956,1956,5,2008,139000
426,3378,"OldTown","1Fam",7,8,1946,1992,9,2009,135000
427,12800,"SawyerW","1Fam",7,5,1989,1989,8,2009,275000
428,8593,"NAmes","1Fam",4,6,1957,1957,7,2008,109008
429,6762,"CollgCr","1Fam",7,5,2007,2007,9,2007,195400
430,11457,"Timber","1Fam",6,5,1988,1988,3,2009,175000
431,1680,"BrDale","Twnhs",6,5,1971,1971,7,2008,85400
432,5586,"OldTown","1Fam",6,7,1920,1998,9,2008,79900
433,1920,"BrDale","TwnhsE",5,5,1971,1971,8,2007,122500
434,10839,"Gilbert","1Fam",6,5,1997,1998,7,2008,181000
435,1890,"MeadowV","Twnhs",4,7,1972,1972,6,2008,81000
436,10667,"CollgCr","1Fam",7,6,1996,1996,4,2009,212000
437,4400,"OldTown","1Fam",6,8,1920,1950,10,2006,116000
438,6000,"BrkSide","1Fam",6,7,1926,2004,1,2009,119000
439,4280,"Crawfor","1Fam",5,6,1913,2002,3,2007,90350
440,12354,"Edwards","1Fam",6,8,1920,2000,8,2009,110000
441,15431,"NridgHt","1Fam",10,5,2008,2008,4,2009,555000
442,12108,"Edwards","Duplex",4,4,1955,1955,9,2008,118000
443,6240,"BrkSide","1Fam",5,7,1930,1992,6,2008,162900
444,3922,"Blmngtn","TwnhsE",7,5,2006,2007,6,2007,172500
445,8750,"CollgCr","1Fam",7,5,1994,1995,7,2008,210000
446,9855,"Edwards","1Fam",6,5,1956,1956,11,2009,127500
447,16492,"NAmes","1Fam",6,6,1966,2002,6,2010,190000
448,11214,"Gilbert","1Fam",7,5,1998,1999,7,2006,199900
449,8600,"IDOTRR","1Fam",6,6,1937,1950,6,2006,119500
450,6000,"OldTown","1Fam",3,7,1948,2002,6,2007,120000
451,5684,"OldTown","1Fam",6,8,1930,2005,6,2006,110000
452,70761,"ClearCr","1Fam",7,5,1975,1975,12,2006,280000
453,9303,"Timber","1Fam",6,5,1996,1997,7,2007,204000
454,9000,"Somerst","1Fam",8,5,2008,2008,6,2009,210000
455,9297,"Mitchel","Duplex",5,5,1976,1976,7,2006,188000
456,9600,"NWAmes","1Fam",7,6,1973,1973,9,2007,175500
457,4571,"OldTown","1Fam",5,5,1916,1950,5,2008,98000
458,53227,"ClearCr","1Fam",4,6,1954,1994,3,2008,256000
459,5100,"OldTown","1Fam",8,7,1925,1996,6,2008,161000
460,7015,"BrkSide","1Fam",5,4,1950,1950,7,2009,110000
461,8004,"Somerst","1Fam",8,5,2009,2009,12,2009,263435
462,7200,"SWISU","1Fam",7,9,1936,2007,4,2009,155000
463,8281,"Sawyer","1Fam",5,5,1965,1965,12,2009,62383
464,11988,"Crawfor","1Fam",6,7,1934,1995,8,2008,188700
465,8430,"CollgCr","1Fam",5,5,1978,1978,8,2009,124000
466,3072,"Blmngtn","TwnhsE",7,5,2004,2004,5,2006,178740
467,10628,"NAmes","1Fam",7,5,1970,1970,4,2007,167000
468,9480,"NAmes","1Fam",5,7,1942,1995,6,2007,146500
469,11428,"NridgHt","1Fam",8,5,2006,2006,5,2007,250000
470,9291,"SawyerW","1Fam",6,5,1993,1993,6,2008,187000
471,6820,"StoneBr","TwnhsE",8,5,1985,1985,6,2010,212000
472,11952,"NWAmes","1Fam",7,6,1977,1977,11,2007,190000
473,3675,"Edwards","TwnhsE",6,5,2005,2005,6,2008,148000
474,14977,"NridgHt","1Fam",8,5,2006,2007,7,2007,440000
475,5330,"StoneBr","TwnhsE",8,5,2000,2000,8,2007,251000
476,8480,"Sawyer","1Fam",5,6,1963,1963,7,2007,132500
477,13125,"CollgCr","1Fam",6,5,1997,1998,4,2008,208900
478,13693,"NridgHt","1Fam",9,5,2006,2006,3,2007,380000
479,10637,"CollgCr","1Fam",8,5,2007,2008,9,2009,297000
480,5925,"OldTown","1Fam",4,7,1937,2000,3,2007,89471
481,16033,"NridgHt","1Fam",9,5,2004,2005,3,2006,326000
482,11846,"NridgHt","1Fam",9,5,2003,2004,8,2006,374000
483,2500,"OldTown","1Fam",7,8,1915,2005,6,2009,155000
484,4500,"Mitchel","Twnhs",6,5,1998,1998,5,2006,164000
485,7758,"Sawyer","1Fam",5,7,1962,2001,3,2007,132500
486,9600,"NAmes","1Fam",5,7,1950,2007,7,2009,147000
487,10289,"NAmes","1Fam",5,7,1965,1965,6,2007,156000
488,12243,"NWAmes","1Fam",5,6,1971,1971,2,2007,175000
489,10800,"OldTown","2fmCon",5,4,1900,1970,5,2006,160000
490,1526,"MeadowV","Twnhs",4,8,1970,2002,5,2009,86000
491,2665,"MeadowV","TwnhsE",5,6,1976,1976,6,2008,115000
492,9490,"NAmes","1Fam",6,7,1941,1950,8,2006,133000
493,15578,"Gilbert","1Fam",6,5,2006,2006,5,2006,172785
494,7931,"NAmes","1Fam",5,6,1960,1960,6,2008,155000
495,5784,"OldTown","1Fam",5,8,1938,1996,12,2009,91300
496,7879,"IDOTRR","1Fam",4,5,1920,1950,11,2009,34900
497,12692,"NoRidge","1Fam",8,5,1992,1993,5,2007,430000
498,9120,"BrkSide","1Fam",7,6,1925,1950,6,2008,184000
499,7800,"Sawyer","1Fam",5,7,1967,2004,6,2009,130000
500,7535,"NAmes","1Fam",5,7,1958,1985,6,2007,120000
501,1890,"BrDale","Twnhs",6,5,1973,1973,5,2007,113000
502,9803,"Somerst","1Fam",7,5,2005,2005,2,2008,226700
503,9170,"Edwards","1Fam",5,7,1965,1965,4,2007,140000
504,15602,"Crawfor","1Fam",7,8,1959,1997,3,2010,289000
505,2308,"NPkVill","TwnhsE",6,5,1974,1974,6,2009,147000
506,7596,"OldTown","Duplex",5,5,1952,1952,7,2009,124500
507,9554,"SawyerW","1Fam",8,5,1993,1994,9,2006,215000
508,7862,"Somerst","1Fam",6,5,2009,2009,9,2009,208300
509,9600,"OldTown","1Fam",7,9,1928,2005,10,2008,161000
510,9600,"NAmes","1Fam",5,6,1959,1959,7,2009,124500
511,14559,"NAmes","1Fam",5,7,1951,2000,6,2009,164900
512,6792,"NridgHt","TwnhsE",7,5,2005,2006,3,2006,202665
513,9100,"NAmes","1Fam",5,5,1958,1958,7,2006,129900
514,9187,"Mitchel","1Fam",6,5,1983,1983,6,2007,134000
515,10594,"Crawfor","1Fam",5,5,1926,1950,6,2007,96500
516,12220,"NridgHt","1Fam",10,5,2009,2009,9,2009,402861
517,10448,"NWAmes","1Fam",6,6,1972,1972,8,2009,158000
518,10208,"NoRidge","1Fam",7,5,1996,1997,7,2009,265000
519,9531,"CollgCr","1Fam",6,5,1998,1998,5,2007,211000
520,10918,"Crawfor","1Fam",7,9,1926,2004,6,2009,234000
521,10800,"OldTown","2fmCon",4,7,1900,2000,8,2008,106250
522,11988,"NAmes","1Fam",6,6,1957,1957,5,2007,150000
523,5000,"BrkSide","1Fam",6,7,1947,1950,10,2006,159000
524,40094,"Edwards","1Fam",10,5,2007,2008,10,2007,184750
525,11787,"NoRidge","1Fam",7,5,1996,1997,8,2007,315750
526,7500,"Somerst","1Fam",7,5,2005,2005,4,2006,176000
527,13300,"NAmes","1Fam",5,7,1956,2000,6,2007,132000
528,14948,"NridgHt","1Fam",9,5,2008,2008,11,2008,446261
529,9098,"Edwards","1Fam",4,7,1920,2002,7,2007,86000
530,32668,"Crawfor","1Fam",6,3,1957,1975,3,2007,200624
531,10200,"Timber","1Fam",6,5,1988,1989,8,2008,175000
532,6155,"BrkSide","1Fam",6,8,1920,1999,6,2008,128000
533,7200,"NAmes","1Fam",5,7,1955,2007,4,2010,107500
534,5000,"BrkSide","1Fam",1,3,1946,1950,1,2007,39300
535,9056,"Gilbert","1Fam",8,5,2004,2004,10,2006,178000
536,7000,"Edwards","2fmCon",5,7,1910,1991,1,2008,107500
537,8924,"CollgCr","1Fam",7,5,1998,1999,7,2008,188000
538,12735,"NAmes","1Fam",4,5,1972,1972,4,2008,111250
539,11553,"Sawyer","1Fam",5,5,1968,1968,7,2006,158000
540,11423,"CollgCr","1Fam",8,5,2001,2002,5,2010,272000
541,14601,"Timber","1Fam",9,5,2006,2006,3,2009,315000
542,11000,"NoRidge","1Fam",8,5,2000,2000,6,2007,248000
543,10140,"NWAmes","1Fam",7,5,1998,1999,6,2009,213250
544,4058,"NAmes","TwnhsE",7,5,1998,1998,6,2007,133000
545,17104,"Gilbert","1Fam",7,5,2006,2006,9,2006,179665
546,13837,"NWAmes","1Fam",7,5,1988,1988,2,2006,229000
547,8737,"BrkSide","1Fam",6,7,1923,1950,5,2007,210000
548,7244,"Mitchel","1Fam",5,7,1970,1970,4,2007,129500
549,8235,"OldTown","1Fam",5,7,1955,1995,6,2008,125000
550,9375,"Somerst","1Fam",7,5,2003,2004,11,2009,263000
551,4043,"NPkVill","TwnhsE",6,6,1977,1977,10,2008,140000
552,6000,"OldTown","1Fam",5,6,1957,1957,6,2008,112500
553,11146,"NridgHt","1Fam",8,5,2006,2006,7,2009,255500
554,8777,"Edwards","1Fam",4,5,1949,2003,5,2009,108000
555,10625,"NridgHt","1Fam",7,5,2003,2004,8,2008,284000
556,6380,"BrkSide","1Fam",5,6,1922,1950,8,2006,113000
557,14850,"NAmes","1Fam",5,5,1957,1957,5,2006,141000
558,11040,"IDOTRR","1Fam",4,6,1920,1950,9,2006,108000
559,21872,"Gilbert","1Fam",7,5,1996,1997,8,2008,175000
560,3196,"Blmngtn","TwnhsE",7,5,2003,2004,10,2006,234000
561,11341,"Sawyer","1Fam",5,6,1957,1996,5,2010,121500
562,10010,"Mitchel","1Fam",5,5,1974,1975,4,2006,170000
563,13907,"Edwards","1Fam",5,6,1940,1969,7,2008,108000
564,21780,"Edwards","1Fam",6,7,1918,1950,7,2008,185000
565,13346,"NoRidge","1Fam",7,5,1992,2000,7,2006,268000
566,6858,"SWISU","1Fam",6,4,1915,1950,5,2010,128000
567,11198,"StoneBr","1Fam",9,5,2005,2007,6,2008,325000
568,10171,"NridgHt","1Fam",7,5,2004,2004,3,2010,214000
569,12327,"SawyerW","1Fam",8,8,1983,2009,9,2009,316600
570,7032,"NAmes","Duplex",5,5,1979,1979,12,2006,135960
571,13101,"NAmes","Duplex",5,5,1965,1965,11,2008,142600
572,7332,"NAmes","1Fam",6,6,1959,1959,10,2006,120000
573,13159,"Timber","1Fam",7,5,2009,2009,7,2009,224500
574,9967,"Gilbert","1Fam",7,5,2000,2000,12,2007,170000
575,10500,"NAmes","1Fam",5,7,1971,2005,12,2007,139000
576,8480,"NAmes","1Fam",5,5,1947,1950,10,2008,118500
577,6292,"SWISU","1Fam",7,7,1928,1950,8,2009,145000
578,11777,"Sawyer","1Fam",5,6,1966,1966,5,2006,164500
579,3604,"Somerst","TwnhsE",7,5,2007,2007,2,2008,146000
580,12150,"OldTown","1Fam",5,5,1954,1954,11,2008,131500
581,14585,"NAmes","1Fam",6,6,1960,1987,6,2007,181900
582,12704,"NridgHt","1Fam",8,5,2008,2009,8,2009,253293
583,11841,"Edwards","Duplex",6,5,1990,1990,5,2007,118500
584,13500,"OldTown","1Fam",10,9,1893,2000,7,2008,325000
585,6120,"BrkSide","1Fam",4,7,1935,1995,7,2009,133000
586,11443,"Timber","1Fam",8,5,2005,2006,3,2006,369900
587,10267,"BrkSide","1Fam",6,7,1918,2000,5,2008,130000
588,8740,"Sawyer","1Fam",5,6,1982,1982,7,2009,137000
589,25095,"ClearCr","1Fam",5,8,1968,2003,6,2009,143000
590,9100,"BrkSide","1Fam",5,6,1930,1960,8,2008,79500
591,8320,"CollgCr","1Fam",7,5,2004,2004,9,2008,185900
592,13478,"NridgHt","1Fam",10,5,2008,2008,6,2009,451950
593,6600,"Mitchel","1Fam",5,8,1982,2003,6,2008,138000
594,4435,"CollgCr","TwnhsE",6,5,2003,2003,5,2009,140000
595,7990,"CollgCr","1Fam",5,6,1975,1975,4,2008,110000
596,11302,"StoneBr","1Fam",8,5,2005,2006,8,2006,319000
597,3600,"OldTown","1Fam",6,7,1910,1993,10,2006,114504
598,3922,"Blmngtn","TwnhsE",7,5,2006,2007,2,2007,194201
599,12984,"Crawfor","1Fam",5,6,1977,1977,3,2006,217500
600,1950,"Blueste","Twnhs",6,6,1980,1980,7,2008,151000
601,10927,"NridgHt","1Fam",8,5,2005,2005,6,2006,275000
602,9000,"IDOTRR","1Fam",6,6,1937,1950,12,2007,141000
603,10041,"SawyerW","1Fam",8,5,1992,1992,2,2006,220000
604,3182,"Somerst","TwnhsE",7,5,2004,2005,6,2010,151000
605,12803,"CollgCr","1Fam",7,5,2002,2002,9,2008,221000
606,13600,"NAmes","1Fam",7,6,1965,1990,10,2009,205000
607,12464,"CollgCr","1Fam",5,5,1996,1996,11,2009,152000
608,7800,"Edwards","1Fam",5,8,1948,2002,8,2006,225000
609,12168,"Crawfor","1Fam",8,6,1934,1998,9,2007,359100
610,7943,"Sawyer","1Fam",4,5,1961,1961,4,2007,118500
611,11050,"CollgCr","1Fam",9,5,2000,2000,5,2009,313000
612,10395,"NWAmes","1Fam",6,6,1978,1978,7,2007,148000
613,11885,"CollgCr","1Fam",8,5,2001,2001,11,2009,261500
614,8402,"Mitchel","1Fam",5,5,2007,2007,12,2007,147000
615,1491,"MeadowV","TwnhsE",4,6,1972,1972,5,2010,75500
616,8800,"NAmes","1Fam",6,7,1963,1963,5,2010,137500
617,7861,"Gilbert","1Fam",6,5,2002,2003,6,2006,183200
618,7227,"NAmes","1Fam",6,6,1954,1954,6,2008,105500
619,11694,"NridgHt","1Fam",9,5,2007,2007,7,2007,314813
620,12244,"Timber","1Fam",8,5,2003,2003,8,2008,305000
621,8248,"Edwards","1Fam",3,3,1914,1950,9,2008,67000
622,10800,"NWAmes","1Fam",6,7,1974,1997,6,2008,240000
623,7064,"Sawyer","1Fam",5,6,1977,1977,7,2009,135000
624,2117,"Somerst","TwnhsE",6,5,2000,2000,6,2007,168500
625,10400,"NWAmes","1Fam",6,5,1972,1972,11,2006,165150
626,10000,"NAmes","1Fam",6,6,1962,1962,2,2010,160000
627,12342,"NAmes","1Fam",5,5,1960,1978,8,2007,139900
628,9600,"NAmes","1Fam",6,6,1955,1972,3,2010,153000
629,11606,"NAmes","1Fam",5,5,1969,1969,9,2007,135000
630,9020,"NAmes","1Fam",6,5,1964,1964,6,2008,168500
631,9000,"OldTown","1Fam",5,6,1880,1991,6,2006,124000
632,4590,"NridgHt","Twnhs",8,5,2006,2006,8,2007,209500
633,11900,"NWAmes","1Fam",7,5,1977,1977,4,2009,82500
634,9250,"NAmes","1Fam",5,7,1954,2005,7,2007,139400
635,6979,"OldTown","Duplex",6,5,1980,1980,6,2010,144000
636,10896,"SWISU","2fmCon",6,7,1914,1995,3,2007,200000
637,6120,"BrkSide","1Fam",2,3,1936,1950,1,2009,60000
638,6000,"OldTown","2fmCon",5,4,1954,1954,11,2009,93000
639,8777,"Edwards","1Fam",5,7,1910,1950,5,2008,85000
640,3982,"Blmngtn","TwnhsE",8,5,2006,2006,10,2006,264561
641,12677,"NridgHt","TwnhsE",8,5,2003,2004,4,2008,274000
642,7050,"Somerst","1Fam",7,5,2001,2001,5,2007,226000
643,13860,"NAmes","1Fam",8,7,1972,1995,7,2009,345000
644,10793,"NWAmes","1Fam",5,5,1969,1969,4,2007,152000
645,9187,"Somerst","1Fam",9,5,2009,2009,10,2009,370878
646,10530,"NAmes","1Fam",6,5,1971,1971,3,2007,143250
647,7200,"NAmes","1Fam",5,5,1950,1950,7,2008,98300
648,10452,"Edwards","1Fam",6,5,1953,1953,6,2008,155000
649,7700,"NAmes","1Fam",6,5,1966,1966,6,2010,155000
650,1936,"MeadowV","Twnhs",4,6,1970,1970,12,2007,84500
651,8125,"Somerst","1Fam",7,6,2007,2007,5,2008,205950
652,9084,"Edwards","1Fam",4,5,1940,1950,10,2009,108000
653,8750,"CollgCr","1Fam",7,5,1996,1996,7,2009,191000
654,10320,"IDOTRR","1Fam",6,7,1906,1995,6,2008,135000
655,10437,"NoRidge","1Fam",8,6,1995,1995,8,2008,350000
656,1680,"BrDale","Twnhs",6,5,1971,1971,3,2010,88000
657,10007,"NAmes","1Fam",5,7,1959,2006,8,2008,145500
658,7200,"Crawfor","1Fam",7,6,1931,2000,2,2008,149000
659,17503,"NAmes","1Fam",6,5,1948,1950,1,2010,97500
660,9937,"Edwards","1Fam",5,7,1964,1999,3,2009,167000
661,12384,"NWAmes","1Fam",7,7,1976,1976,11,2007,197900
662,46589,"NoRidge","1Fam",8,7,1994,2005,7,2009,402000
663,13560,"NAmes","1Fam",6,3,1968,1968,7,2009,110000
664,10012,"Edwards","1Fam",4,5,1972,1972,4,2008,137500
665,20896,"Somerst","1Fam",8,5,2005,2006,1,2006,423000
666,11194,"Gilbert","1Fam",8,5,2000,2000,11,2006,230500
667,18450,"NAmes","1Fam",6,5,1965,1979,8,2007,129000
668,8125,"SawyerW","1Fam",6,5,1994,1998,10,2008,193500
669,14175,"Sawyer","1Fam",5,6,1956,1987,11,2006,168000
670,11600,"Crawfor","1Fam",4,5,1922,1950,7,2006,137500
671,8633,"CollgCr","1Fam",6,5,2005,2005,2,2009,173500
672,6629,"Edwards","1Fam",6,6,1925,1950,7,2009,103600
673,11250,"Veenker","1Fam",6,6,1977,1977,6,2006,165000
674,14442,"Crawfor","1Fam",6,7,1957,2004,6,2007,257500
675,9200,"NAmes","1Fam",6,6,1965,1965,7,2008,140000
676,2289,"NPkVill","Twnhs",6,6,1978,1978,4,2009,148500
677,9600,"OldTown","1Fam",4,2,1900,1950,5,2006,87000
678,9022,"OldTown","1Fam",5,8,1924,2006,5,2009,109500
679,11844,"StoneBr","1Fam",8,5,2008,2008,7,2009,372500
680,9945,"Sawyer","1Fam",5,5,1961,1961,10,2007,128500
681,8012,"SawyerW","TwnhsE",6,5,1980,1980,5,2010,143000
682,4500,"SWISU","1Fam",5,5,1932,2000,7,2009,159434
683,2887,"ClearCr","1Fam",6,5,1996,1997,11,2008,173000
684,11248,"CollgCr","1Fam",9,5,2002,2002,7,2007,285000
685,16770,"NoRidge","1Fam",7,5,1998,1998,6,2010,221000
686,5062,"StoneBr","TwnhsE",7,5,1984,1984,9,2007,207500
687,10207,"Somerst","1Fam",7,6,2007,2007,8,2007,227875
688,5105,"Somerst","TwnhsE",7,5,2004,2004,3,2007,148800
689,8089,"StoneBr","1Fam",8,6,2007,2007,10,2007,392000
690,7577,"NridgHt","TwnhsE",6,5,2005,2006,6,2007,194700
691,4426,"CollgCr","TwnhsE",6,5,2004,2004,5,2008,141000
692,21535,"NoRidge","1Fam",10,6,1994,1995,1,2007,755000
693,26178,"Timber","1Fam",7,5,1989,1990,4,2006,335000
694,5400,"OldTown","1Fam",5,6,1921,1968,12,2006,108480
695,6120,"BrkSide","1Fam",5,6,1936,1950,4,2009,141500
696,13811,"Timber","1Fam",6,6,1987,1987,7,2006,176000
697,6000,"BrkSide","1Fam",5,7,1921,1950,6,2006,89000
698,6420,"Edwards","1Fam",5,7,1952,1952,9,2006,123500
699,8450,"Sawyer","1Fam",5,8,1965,2009,4,2010,138500
700,4282,"Somerst","TwnhsE",7,5,2004,2004,7,2008,196000
701,14331,"Timber","1Fam",8,5,2002,2002,5,2006,312500
702,9600,"NWAmes","1Fam",7,5,1969,1969,7,2006,140000
703,12438,"StoneBr","1Fam",8,5,2006,2006,7,2006,361919
704,7630,"OldTown","2fmCon",5,9,1900,1996,5,2010,140000
705,8400,"CollgCr","1Fam",7,5,2004,2005,5,2010,213000
706,5600,"IDOTRR","2fmCon",4,5,1930,1950,7,2010,55000
707,115149,"ClearCr","1Fam",7,5,1971,2002,6,2007,302000
708,6240,"NridgHt","TwnhsE",8,5,2006,2006,12,2009,254000
709,9018,"Gilbert","1Fam",7,5,2007,2007,7,2007,179540
710,7162,"Sawyer","1Fam",5,7,1966,1966,12,2008,109900
711,4130,"BrkSide","1Fam",3,6,1935,2003,7,2008,52000
712,8712,"IDOTRR","1Fam",4,7,1900,1950,1,2010,102776
713,4671,"StoneBr","TwnhsE",8,5,1988,1989,10,2008,189000
714,9873,"BrkSide","2fmCon",4,5,1970,1970,5,2006,129000
715,13517,"Sawyer","1Fam",6,8,1976,2005,3,2010,130500
716,10140,"NWAmes","1Fam",6,5,1974,1974,8,2009,165000
717,10800,"OldTown","1Fam",7,8,1890,1998,7,2007,159500
718,10000,"NWAmes","1Fam",5,6,1973,2000,11,2008,157000
719,10542,"NoRidge","1Fam",7,5,1993,1994,8,2008,341000
720,9920,"CollgCr","1Fam",5,6,1969,1969,5,2006,128500
721,6563,"StoneBr","1Fam",8,5,1985,1985,12,2006,275000
722,4426,"CollgCr","TwnhsE",6,5,2004,2004,5,2010,143000
723,8120,"NAmes","1Fam",4,7,1970,1970,7,2009,124500
724,8172,"Edwards","1Fam",4,6,1954,1972,5,2008,135000
725,13286,"Edwards","1Fam",9,5,2007,2008,2,2009,320000
726,6960,"NAmes","1Fam",4,6,1970,1970,11,2009,120500
727,21695,"Crawfor","1Fam",6,9,1988,2007,12,2009,222000
728,7314,"CollgCr","1Fam",7,5,2007,2007,2,2009,194500
729,11475,"NAmes","Duplex",5,5,1958,1958,7,2009,110000
730,6240,"IDOTRR","1Fam",4,5,1925,1950,1,2009,103000
731,5389,"StoneBr","TwnhsE",8,5,1995,1996,3,2010,236500
732,9590,"Timber","1Fam",7,5,2003,2003,5,2007,187500
733,11404,"CollgCr","1Fam",7,5,1998,1999,7,2008,222500
734,10000,"Sawyer","1Fam",5,6,1961,1983,3,2009,131400
735,8978,"Sawyer","1Fam",5,5,1968,1968,5,2007,108000
736,10800,"OldTown","1Fam",7,7,1914,1970,10,2006,163000
737,8544,"NAmes","Duplex",3,4,1950,1950,7,2006,93500
738,10463,"Gilbert","1Fam",8,5,2005,2005,6,2006,239900
739,10800,"Edwards","Duplex",5,5,1987,1988,3,2009,179000
740,9313,"CollgCr","1Fam",7,5,2004,2004,4,2009,190000
741,9600,"OldTown","1Fam",5,7,1910,2002,5,2007,132000
742,6768,"Sawyer","1Fam",6,8,1961,1996,5,2008,142000
743,8450,"SawyerW","1Fam",7,5,2000,2001,12,2007,179000
744,12886,"Sawyer","1Fam",5,6,1963,1999,10,2009,175000
745,5395,"StoneBr","TwnhsE",8,5,1993,1993,10,2008,180000
746,8963,"NWAmes","1Fam",8,9,1976,1996,7,2008,299800
747,8795,"Gilbert","1Fam",7,5,2000,2000,4,2009,236000
748,11700,"OldTown","1Fam",7,7,1880,2003,5,2009,265979
749,10593,"NoRidge","1Fam",7,5,1996,1996,3,2010,260400
750,8405,"Edwards","1Fam",4,3,1945,1950,4,2009,98000
751,8800,"OldTown","1Fam",4,7,1910,2004,6,2010,96500
752,7750,"Gilbert","1Fam",7,5,2003,2003,8,2007,162000
753,9236,"CollgCr","1Fam",6,5,1997,1997,7,2006,217000
754,10240,"NridgHt","1Fam",8,5,2005,2005,3,2006,275500
755,7930,"NAmes","1Fam",6,8,1969,2005,7,2009,156000
756,3230,"Somerst","TwnhsE",6,5,1999,1999,3,2009,172500
757,10769,"CollgCr","1Fam",8,5,2007,2007,4,2009,212000
758,11616,"Sawyer","1Fam",6,5,1978,1978,4,2010,158900
759,2280,"Somerst","Twnhs",7,5,1999,1999,8,2008,179400
760,12257,"NoRidge","1Fam",8,5,1995,1995,11,2007,290000
761,9100,"NAmes","1Fam",6,6,1959,1959,10,2009,127500
762,6911,"BrkSide","1Fam",5,5,1924,1950,10,2009,100000
763,8640,"Somerst","1Fam",7,5,2009,2009,6,2010,215200
764,9430,"NoRidge","1Fam",8,5,1999,1999,7,2009,337000
765,9549,"Veenker","TwnhsE",8,5,1995,1996,4,2006,270000
766,14587,"Somerst","1Fam",9,5,2008,2008,8,2008,264132
767,10421,"NWAmes","1Fam",7,5,1988,1988,3,2010,196500
768,12508,"Mitchel","1Fam",6,7,1940,1985,7,2008,160000
769,9100,"CollgCr","1Fam",7,5,2004,2005,10,2006,216837
770,53504,"StoneBr","1Fam",8,5,2003,2003,6,2010,538000
771,7252,"Sawyer","1Fam",5,5,1982,1982,4,2009,134900
772,8877,"Edwards","1Fam",4,5,1951,1951,4,2006,102000
773,7819,"Edwards","1Fam",6,5,1976,1976,3,2010,107000
774,10150,"NAmes","1Fam",5,5,1958,1958,7,2007,114500
775,14226,"NridgHt","1Fam",8,5,2006,2006,7,2007,395000
776,4500,"Mitchel","TwnhsE",6,5,1998,1998,6,2009,162000
777,11210,"CollgCr","1Fam",7,5,2005,2006,7,2006,221500
778,13350,"Sawyer","1Fam",5,5,1974,1974,6,2006,142500
779,8400,"SawyerW","Duplex",5,5,1977,1977,10,2007,144000
780,10530,"Mitchel","Duplex",6,5,1977,1977,5,2006,135000
781,7875,"Gilbert","1Fam",7,5,1995,1996,6,2007,176000
782,7153,"SawyerW","1Fam",6,5,1992,1992,7,2006,175900
783,16285,"CollgCr","1Fam",7,5,2001,2002,6,2009,187100
784,9101,"Mitchel","1Fam",5,6,1978,1978,7,2009,165500
785,6300,"OldTown","1Fam",6,6,1914,2001,6,2008,128000
786,9790,"NWAmes","1Fam",6,5,1967,1967,9,2009,161500
787,10800,"OldTown","1Fam",5,6,1915,1950,6,2010,139000
788,10142,"SawyerW","1Fam",7,5,2004,2004,1,2010,233000
789,6000,"OldTown","1Fam",4,7,1954,2000,8,2008,107900
790,12205,"ClearCr","1Fam",6,8,1966,2007,7,2007,187500
791,3182,"Blmngtn","TwnhsE",7,5,2005,2006,9,2009,160200
792,11333,"Mitchel","1Fam",6,5,1976,1976,5,2007,146800
793,9920,"NoRidge","1Fam",7,5,1996,1997,6,2007,269790
794,9158,"Somerst","1Fam",8,5,2007,2007,6,2007,225000
795,10832,"Gilbert","1Fam",7,5,1994,1996,10,2008,194500
796,8400,"SawyerW","1Fam",6,6,1980,1981,4,2010,171000
797,8197,"Sawyer","1Fam",6,5,1977,1977,4,2007,143500
798,7677,"NAmes","1Fam",5,5,1953,1953,4,2008,110000
799,13518,"NridgHt","1Fam",9,5,2008,2009,7,2009,485000
800,7200,"SWISU","1Fam",5,7,1937,1950,6,2007,175000
801,12798,"ClearCr","1Fam",6,5,1997,1997,5,2008,200000
802,4800,"IDOTRR","1Fam",4,7,1916,1990,7,2007,109900
803,8199,"CollgCr","1Fam",7,5,2005,2005,10,2008,189000
804,13891,"NridgHt","1Fam",9,5,2008,2009,1,2009,582933
805,9000,"NAmes","1Fam",5,5,1954,1954,6,2006,118000
806,12274,"Somerst","1Fam",7,5,2008,2008,7,2008,227680
807,9750,"NAmes","1Fam",5,5,1967,1967,10,2006,135500
808,21384,"BrkSide","1Fam",5,6,1923,2004,5,2009,223500
809,13400,"NAmes","1Fam",5,5,1966,1966,6,2006,159950
810,8100,"OldTown","1Fam",5,5,1898,1965,11,2009,106000
811,10140,"NWAmes","1Fam",6,6,1974,1999,1,2006,181000
812,4438,"CollgCr","TwnhsE",6,5,2004,2004,6,2008,144500
813,8712,"IDOTRR","1Fam",5,5,1952,1952,6,2010,55993
814,9750,"NAmes","1Fam",6,6,1958,1958,4,2007,157900
815,8248,"Edwards","1Fam",5,7,1918,1950,7,2006,116000
816,12137,"CollgCr","1Fam",7,5,1998,1998,5,2010,224900
817,11425,"NAmes","1Fam",5,6,1954,1954,7,2006,137000
818,13265,"Mitchel","1Fam",8,5,2002,2002,7,2008,271000
819,8816,"ClearCr","1Fam",6,7,1971,1971,6,2010,155000
820,6371,"NridgHt","TwnhsE",7,5,2009,2010,6,2010,224000
821,7226,"CollgCr","1Fam",7,5,2003,2003,6,2008,183000
822,6000,"OldTown","2fmCon",4,4,1953,1953,2,2009,93000
823,12394,"Gilbert","1Fam",7,5,2003,2003,10,2007,225000
824,9900,"SWISU","1Fam",6,7,1940,1950,7,2009,139500
825,11216,"Somerst","1Fam",8,5,2006,2006,6,2006,232600
826,14803,"NridgHt","1Fam",10,5,2007,2008,6,2008,385000
827,6130,"BrkSide","1Fam",5,6,1924,1950,5,2008,109500
828,8529,"SawyerW","1Fam",7,5,2001,2001,4,2009,189000
829,28698,"ClearCr","1Fam",5,5,1967,1967,6,2009,185000
830,2544,"Somerst","Twnhs",7,5,2005,2005,7,2006,147400
831,11900,"NAmes","1Fam",6,5,1957,1957,6,2008,166000
832,3180,"Somerst","TwnhsE",7,5,2005,2005,6,2006,151000
833,9548,"CollgCr","1Fam",7,6,2003,2003,1,2010,237000
834,10004,"NAmes","1Fam",6,6,1964,1964,2,2009,167000
835,7875,"NAmes","1Fam",5,6,1961,1961,9,2008,139950
836,9600,"Sawyer","1Fam",4,7,1950,1995,2,2010,128000
837,8100,"OldTown","1Fam",5,6,1948,1973,6,2007,153500
838,1680,"BrDale","Twnhs",6,5,1973,1973,11,2008,100000
839,9525,"CollgCr","1Fam",5,6,1995,2006,6,2008,144000
840,11767,"Edwards","1Fam",5,6,1946,1995,5,2008,130500
841,12155,"SWISU","1Fam",6,8,1925,1950,3,2008,140000
842,10440,"OldTown","1Fam",5,8,1904,2002,6,2008,157500
843,9020,"NAmes","1Fam",6,7,1966,1966,5,2008,174900
844,8000,"NAmes","Duplex",5,4,1961,1961,7,2007,141000
845,12665,"OldTown","1Fam",5,8,1915,1950,6,2008,153900
846,16647,"Sawyer","1Fam",5,5,1975,1981,1,2007,171000
847,9317,"SawyerW","1Fam",7,5,1993,1993,7,2009,213000
848,15523,"CollgCr","1Fam",5,6,1972,1972,8,2009,133500
849,45600,"ClearCr","1Fam",6,8,1908,1997,9,2008,240000
850,9600,"Veenker","1Fam",6,7,1976,1994,8,2007,187000
851,4435,"CollgCr","TwnhsE",6,5,2003,2003,11,2007,131500
852,3196,"Blmngtn","TwnhsE",8,5,2003,2003,5,2006,215000
853,7128,"Crawfor","1Fam",7,5,1941,1950,8,2007,164000
854,12095,"NAmes","1Fam",6,6,1964,1964,8,2009,158000
855,17920,"Sawyer","1Fam",5,4,1955,1974,7,2006,170000
856,6897,"Sawyer","1Fam",5,8,1962,2010,4,2010,127000
857,10970,"CollgCr","1Fam",6,6,1978,1978,10,2008,147000
858,8125,"Gilbert","1Fam",6,5,1994,1995,3,2009,174000
859,10400,"NWAmes","1Fam",7,5,1976,1976,6,2009,152000
860,11029,"NWAmes","1Fam",6,7,1968,1984,8,2006,250000
861,7642,"Crawfor","1Fam",7,8,1918,1998,6,2007,189950
862,11625,"Sawyer","2fmCon",5,4,1965,1965,4,2010,131500
863,9672,"SawyerW","1Fam",6,5,1984,1985,5,2010,152000
864,7931,"NAmes","1Fam",5,5,1959,1959,7,2009,132500
865,8640,"Somerst","1Fam",7,5,2007,2008,5,2008,250580
866,8750,"NAmes","1Fam",5,6,1970,1970,8,2009,148500
867,10656,"Timber","1Fam",8,5,2006,2007,11,2007,248900
868,6970,"Sawyer","1Fam",4,5,1961,1961,5,2007,129000
869,14762,"Gilbert","1Fam",5,6,1948,1950,5,2006,169000
870,9938,"SawyerW","1Fam",7,5,1993,1994,6,2010,236000
871,6600,"NAmes","1Fam",5,5,1962,1962,8,2009,109500
872,8750,"CollgCr","1Fam",6,5,1998,1998,6,2010,200500
873,8892,"NAmes","1Fam",5,7,1953,1996,10,2008,116000
874,12144,"NAmes","1Fam",5,7,1949,1950,9,2009,133000
875,5720,"OldTown","1Fam",5,6,1941,1950,8,2009,66500
876,9000,"Somerst","1Fam",8,5,2007,2007,8,2007,303477
877,25286,"Mitchel","1Fam",4,5,1963,1963,1,2007,132250
878,8834,"NridgHt","1Fam",9,5,2004,2005,6,2009,350000
879,11782,"Sawyer","1Fam",5,7,1961,1995,6,2010,148000
880,7000,"CollgCr","1Fam",5,8,1978,2005,7,2009,136500
881,7024,"Edwards","1Fam",5,5,2005,2006,6,2007,157000
882,13758,"Timber","1Fam",7,5,1990,1991,4,2007,187500
883,9636,"Gilbert","1Fam",6,5,1992,1993,12,2009,178000
884,6204,"SWISU","1Fam",4,5,1912,1950,3,2006,118500
885,7150,"NAmes","1Fam",5,5,1967,1967,7,2009,100000
886,5119,"Somerst","TwnhsE",9,5,1999,2000,1,2008,328900
887,8393,"NAmes","Duplex",5,5,1959,2005,6,2006,145000
888,16466,"Edwards","1Fam",5,7,1955,1955,4,2008,135500
889,15865,"NAmes","1Fam",8,6,1970,1970,10,2007,268000
890,12160,"NAmes","1Fam",6,4,1953,1953,2,2009,149500
891,8064,"NAmes","1Fam",5,7,1949,2006,7,2007,122900
892,11184,"Sawyer","1Fam",6,5,1978,1978,7,2009,172500
893,8414,"Sawyer","1Fam",6,8,1963,2003,2,2006,154500
894,13284,"Sawyer","1Fam",5,5,1954,1954,6,2008,165000
895,7018,"SawyerW","Duplex",5,5,1979,1979,6,2009,118858
896,7056,"NAmes","1Fam",6,5,1963,1963,10,2008,140000
897,8765,"IDOTRR","1Fam",4,6,1936,1950,4,2006,106500
898,7018,"SawyerW","Duplex",5,5,1979,1979,6,2009,142953
899,12919,"NridgHt","1Fam",9,5,2009,2010,3,2010,611657
900,6993,"Sawyer","1Fam",5,7,1961,1994,6,2006,135000
901,7340,"NAmes","1Fam",4,6,1971,1971,6,2007,110000
902,8712,"NAmes","1Fam",5,7,1957,2000,5,2009,153000
903,7875,"Gilbert","1Fam",7,5,2003,2003,7,2006,180000
904,14859,"Gilbert","1Fam",7,5,2006,2006,8,2006,240000
905,6173,"Sawyer","1Fam",5,6,1967,1967,8,2007,125500
906,9920,"NAmes","1Fam",5,5,1954,1954,2,2010,128000
907,13501,"Somerst","1Fam",8,5,2006,2006,6,2007,255000
908,11500,"Crawfor","1Fam",7,7,1936,1987,6,2006,250000
909,8885,"Mitchel","1Fam",5,5,1983,1983,6,2006,131000
910,12589,"Gilbert","1Fam",6,5,2005,2005,6,2009,174000
911,11600,"NAmes","Duplex",5,5,1960,1960,1,2010,154300
912,9286,"CollgCr","1Fam",5,7,1977,1989,10,2009,143500
913,6120,"BrkSide","1Fam",5,7,1925,1950,7,2006,88000
914,6270,"Crawfor","Duplex",5,6,1949,1950,8,2007,145000
915,3000,"Somerst","TwnhsE",6,5,2009,2009,6,2009,173733
916,2001,"MeadowV","Twnhs",4,5,1970,1970,1,2007,75000
917,9000,"IDOTRR","1Fam",2,3,1949,1950,10,2006,35311
918,17140,"Edwards","1Fam",4,6,1956,1956,4,2009,135000
919,13125,"SawyerW","1Fam",7,5,1991,1991,11,2007,238000
920,11029,"NAmes","1Fam",6,8,1958,2002,5,2008,176500
921,8462,"SawyerW","1Fam",6,5,1994,1994,7,2007,201000
922,8777,"Edwards","Duplex",5,7,1900,2003,9,2008,145900
923,10237,"Gilbert","1Fam",6,5,2005,2006,10,2006,169990
924,8012,"SawyerW","TwnhsE",6,5,1993,1994,7,2008,193000
925,10240,"NWAmes","1Fam",6,6,1980,1980,5,2006,207500
926,15611,"NWAmes","1Fam",5,6,1977,1977,3,2008,175000
927,11999,"NridgHt","1Fam",8,5,2003,2004,5,2007,285000
928,9900,"NWAmes","1Fam",7,5,1968,1968,4,2008,176000
929,11838,"CollgCr","1Fam",8,5,2001,2001,6,2009,236500
930,13006,"Gilbert","1Fam",7,5,1997,1997,11,2006,222000
931,8925,"Timber","1Fam",8,5,2007,2007,7,2009,201000
932,9100,"NAmes","1Fam",5,6,1965,1965,7,2009,117500
933,11670,"Somerst","1Fam",9,5,2006,2006,3,2007,320000
934,8487,"CollgCr","1Fam",7,5,2004,2004,8,2009,190000
935,27650,"NAmes","1Fam",7,7,1960,2007,11,2008,242000
936,5825,"BrkSide","1Fam",4,5,1926,1953,6,2006,79900
937,10083,"SawyerW","1Fam",7,5,2003,2003,8,2009,184900
938,9675,"Somerst","1Fam",7,5,2005,2005,2,2009,253000
939,8760,"CollgCr","1Fam",7,5,2006,2006,8,2006,239799
940,24090,"ClearCr","1Fam",7,7,1940,1950,6,2010,244400
941,12640,"Mitchel","Duplex",6,5,1976,1976,7,2006,150900
942,8755,"Gilbert","1Fam",7,5,1999,1999,6,2009,214000
943,7711,"Edwards","Duplex",4,3,1977,1977,8,2007,150000
944,25000,"Mitchel","Duplex",5,4,1967,1967,6,2007,143000
945,14375,"Timber","1Fam",6,6,1958,1958,1,2009,137500
946,8820,"OldTown","1Fam",5,6,1890,1996,9,2009,124900
947,8163,"NAmes","1Fam",5,6,1959,1959,3,2006,143000
948,14536,"Timber","1Fam",8,5,2002,2003,11,2007,270000
949,14006,"CollgCr","1Fam",7,5,2002,2002,2,2006,192500
950,9360,"NWAmes","1Fam",6,7,1972,2006,3,2010,197500
951,7200,"NAmes","1Fam",5,8,1950,2002,7,2007,129000
952,7800,"SawyerW","1Fam",5,5,1965,1965,7,2006,119900
953,7200,"CollgCr","1Fam",5,8,1972,2003,4,2009,133900
954,11075,"Mitchel","1Fam",5,4,1969,1969,9,2008,172000
955,9400,"Edwards","Duplex",6,5,1975,1975,10,2006,127500
956,7136,"Crawfor","Duplex",6,6,1946,1950,8,2007,145000
957,1300,"Blueste","TwnhsE",6,6,1980,1980,5,2009,124000
958,7420,"Sawyer","1Fam",5,5,1962,1962,4,2007,132000
959,8450,"CollgCr","1Fam",7,5,2003,2003,10,2007,185000
960,2572,"Somerst","Twnhs",7,5,1999,1999,5,2010,155000
961,7207,"BrkSide","1Fam",5,7,1958,2008,2,2010,116500
962,12227,"NWAmes","1Fam",6,7,1977,1995,7,2008,272000
963,2308,"NPkVill","TwnhsE",6,6,1976,1976,7,2007,155000
964,11923,"CollgCr","1Fam",9,5,2007,2007,5,2009,239000
965,11316,"Timber","1Fam",7,5,2002,2003,2,2010,214900
966,10237,"Gilbert","1Fam",6,5,2005,2007,7,2007,178900
967,9600,"Crawfor","1Fam",5,7,1940,1950,6,2009,160000
968,7390,"NAmes","1Fam",5,7,1955,1955,7,2008,135000
969,5925,"OldTown","1Fam",3,6,1910,1950,5,2009,37900
970,10382,"NAmes","2fmCon",6,5,1958,1958,3,2006,140000
971,10800,"NAmes","1Fam",4,4,1949,1950,12,2006,135000
972,2268,"NridgHt","Twnhs",7,5,2003,2004,7,2009,173000
973,7892,"SawyerW","TwnhsE",6,5,1979,1979,4,2010,99500
974,11639,"Somerst","1Fam",7,5,2007,2008,12,2008,182000
975,11414,"BrkSide","1Fam",7,8,1910,1993,10,2009,167500
976,2651,"Somerst","Twnhs",7,5,2000,2000,4,2006,165000
977,5900,"BrkSide","1Fam",4,7,1923,1958,8,2006,85500
978,4274,"Somerst","TwnhsE",7,5,2006,2007,11,2007,199900
979,9450,"Edwards","1Fam",4,5,1954,1954,5,2007,110000
980,8816,"Sawyer","1Fam",5,6,1963,1963,6,2009,139000
981,12122,"NAmes","1Fam",7,9,1961,2007,7,2008,178400
982,12203,"NoRidge","1Fam",8,5,1998,1999,7,2009,336000
983,3182,"Blmngtn","1Fam",7,5,2007,2007,3,2008,159895
984,11250,"CollgCr","1Fam",8,5,2002,2002,5,2008,255900
985,10125,"Mitchel","Duplex",5,5,1977,1977,8,2009,126000
986,10880,"Edwards","2fmCon",5,5,1950,1950,8,2008,125000
987,5310,"OldTown","1Fam",6,8,1910,2003,6,2006,117000
988,10159,"NridgHt","1Fam",9,5,2009,2010,4,2010,395192
989,12046,"NWAmes","1Fam",6,6,1976,1976,6,2007,195000
990,8125,"Somerst","1Fam",7,5,2006,2006,8,2006,197000
991,9452,"NoRidge","1Fam",8,5,1997,1998,6,2006,348000
992,17671,"OldTown","1Fam",8,9,1882,1986,11,2009,168000
993,9760,"NAmes","1Fam",6,8,1964,1993,7,2007,187000
994,8846,"CollgCr","1Fam",6,5,2005,2006,8,2006,173900
995,12456,"NridgHt","1Fam",10,5,2006,2007,7,2009,337500
996,4712,"BrkSide","1Fam",4,7,1946,1950,8,2006,121600
997,10659,"NAmes","1Fam",5,6,1961,1961,1,2006,136500
998,11717,"NWAmes","1Fam",6,6,1970,1970,2,2009,185000
999,9786,"IDOTRR","1Fam",3,4,1922,1950,5,2006,91000
1000,6762,"CollgCr","1Fam",7,5,2006,2006,2,2010,206000
1001,10206,"Edwards","1Fam",3,3,1952,1952,7,2009,82000
1002,5400,"OldTown","1Fam",5,6,1920,1950,1,2007,86000
1003,11957,"Somerst","1Fam",8,5,2006,2006,7,2008,232000
1004,11500,"NWAmes","Duplex",5,6,1976,1976,6,2007,136905
1005,3182,"Blmngtn","TwnhsE",7,5,2005,2006,5,2009,181000
1006,8385,"CollgCr","1Fam",5,8,1977,1977,11,2008,149900
1007,12155,"NAmes","1Fam",6,3,1970,1970,3,2007,163500
1008,2217,"MeadowV","TwnhsE",4,4,1970,1970,8,2009,88000
1009,12118,"Mitchel","1Fam",7,5,2004,2005,4,2009,240000
1010,6000,"SWISU","1Fam",5,5,1926,1950,6,2006,102000
1011,21286,"Sawyer","1Fam",5,5,1948,1950,8,2008,135000
1012,9825,"Edwards","Duplex",5,5,1965,1965,5,2010,100000
1013,10592,"Crawfor","1Fam",6,7,1923,1996,8,2007,165000
1014,7200,"OldTown","1Fam",5,4,1910,2006,6,2009,85000
1015,11664,"NAmes","1Fam",6,5,1948,1950,11,2007,119200
1016,8400,"NWAmes","1Fam",8,6,2001,2001,11,2009,227000
1017,11883,"CollgCr","1Fam",7,5,1996,1996,6,2009,203000
1018,5814,"StoneBr","TwnhsE",8,5,1984,1984,8,2009,187500
1019,10784,"Gilbert","1Fam",7,5,1991,1992,5,2007,160000
1020,3013,"Blmngtn","TwnhsE",7,5,2005,2005,4,2006,213490
1021,7024,"Edwards","1Fam",4,5,2005,2005,6,2008,176000
1022,7406,"CollgCr","1Fam",7,5,2006,2006,7,2006,194000
1023,9439,"OldTown","1Fam",5,5,1930,1950,3,2007,87000
1024,3182,"Blmngtn","TwnhsE",7,5,2005,2006,5,2008,191000
1025,15498,"Timber","1Fam",8,6,1976,1976,5,2008,287000
1026,7700,"CollgCr","1Fam",5,5,1972,1972,3,2007,112500
1027,9300,"NAmes","1Fam",5,5,1960,1960,4,2010,167500
1028,9520,"Timber","1Fam",8,5,2007,2008,4,2008,293077
1029,9492,"NAmes","1Fam",5,5,1941,1950,4,2007,105000
1030,1680,"BrDale","Twnhs",6,7,1972,1972,5,2006,118000
1031,7082,"SWISU","2fmCon",5,8,1916,1995,7,2006,160000
1032,15863,"SWISU","1Fam",7,3,1920,1970,8,2009,197000
1033,14541,"NoRidge","1Fam",8,7,1993,1993,11,2006,310000
1034,8125,"CollgCr","1Fam",7,5,2002,2002,2,2006,230000
1035,6305,"Crawfor","1Fam",5,7,1938,1950,6,2007,119750
1036,11500,"Edwards","1Fam",4,3,1957,1957,1,2009,84000
1037,12898,"Timber","1Fam",9,5,2007,2008,9,2009,315500
1038,9240,"CollgCr","1Fam",8,5,2001,2002,9,2008,287000
1039,1533,"MeadowV","Twnhs",4,6,1970,2008,5,2009,97000
1040,1477,"MeadowV","TwnhsE",4,4,1970,1970,4,2009,80000
1041,13125,"Sawyer","1Fam",5,4,1957,2000,1,2006,155000
1042,9130,"NWAmes","1Fam",6,8,1966,2000,7,2008,173000
1043,5381,"NridgHt","Twnhs",6,5,2005,2005,8,2009,196000
1044,11839,"SawyerW","1Fam",7,5,1990,1990,5,2008,262280
1045,9600,"NWAmes","1Fam",8,5,1981,1981,7,2009,278000
1046,13680,"Edwards","1Fam",3,5,1955,1955,6,2009,139600
1047,16056,"StoneBr","1Fam",9,5,2005,2006,7,2006,556581
1048,9245,"CollgCr","1Fam",5,5,1994,1995,2,2008,145000
1049,21750,"Mitchel","1Fam",5,4,1960,2006,11,2009,115000
1050,11100,"Edwards","1Fam",4,7,1946,2006,4,2010,84900
1051,8993,"Gilbert","1Fam",7,5,2007,2007,8,2007,176485
1052,11175,"CollgCr","1Fam",7,5,2007,2007,10,2007,200141
1053,9500,"NAmes","1Fam",6,6,1964,1978,6,2007,165000
1054,8562,"Edwards","1Fam",5,6,1957,2002,5,2010,144500
1055,11367,"CollgCr","1Fam",8,5,2002,2002,11,2006,255000
1056,11361,"NWAmes","1Fam",6,5,1976,1976,5,2008,180000
1057,7052,"NridgHt","TwnhsE",7,5,2005,2005,6,2006,185850
1058,29959,"NoRidge","1Fam",7,6,1994,1994,1,2009,248000
1059,11308,"NridgHt","1Fam",9,5,2008,2008,7,2009,335000
1060,11275,"Crawfor","1Fam",6,7,1932,1950,3,2007,220000
1061,4920,"StoneBr","TwnhsE",8,5,2001,2001,4,2010,213500
1062,18000,"IDOTRR","1Fam",3,4,1935,1950,8,2008,81000
1063,13600,"OldTown","2fmCon",5,5,1900,1950,9,2007,90000
1064,6000,"OldTown","1Fam",6,6,1925,1980,7,2006,110500
1065,11000,"NAmes","1Fam",5,6,1966,1966,11,2009,154000
1066,14000,"ClearCr","1Fam",7,5,1996,1997,4,2010,328000
1067,7837,"Gilbert","1Fam",6,7,1993,1994,5,2009,178000
1068,9760,"NAmes","1Fam",6,6,1964,1964,6,2008,167900
1069,3964,"MeadowV","TwnhsE",6,4,1973,1973,6,2006,151400
1070,9600,"NAmes","1Fam",5,7,1949,2003,5,2007,135000
1071,10152,"NAmes","1Fam",5,5,1956,1956,6,2007,135000
1072,11700,"NWAmes","1Fam",6,6,1968,1968,5,2009,154000
1073,7585,"Edwards","1Fam",5,3,1948,1950,8,2006,91500
1074,7950,"Edwards","1Fam",6,6,1977,1977,7,2009,159500
1075,8556,"CollgCr","1Fam",7,5,2006,2006,5,2007,194000
1076,13125,"Crawfor","1Fam",7,6,1940,1984,7,2007,219500
1077,10800,"OldTown","1Fam",5,8,1936,1989,4,2006,170000
1078,15870,"NAmes","1Fam",5,5,1969,1969,3,2006,138800
1079,4435,"CollgCr","TwnhsE",6,5,2004,2004,5,2006,155900
1080,8775,"CollgCr","1Fam",5,5,1994,1994,4,2007,126000
1081,11040,"NWAmes","1Fam",6,7,1971,2004,10,2008,145000
1082,7500,"Sawyer","1Fam",5,5,1963,1963,6,2010,133000
1083,8749,"CollgCr","1Fam",7,5,2002,2002,9,2007,192000
1084,8800,"NAmes","1Fam",6,6,1964,1964,3,2006,160000
1085,13031,"Gilbert","1Fam",6,5,1995,1996,7,2006,187500
1086,9069,"SawyerW","1Fam",6,6,1992,1992,4,2010,147000
1087,1974,"MeadowV","TwnhsE",4,5,1973,1973,5,2010,83500
1088,10574,"Somerst","1Fam",8,5,2005,2006,5,2009,252000
1089,2522,"Edwards","Twnhs",7,5,2004,2004,4,2006,137500
1090,3316,"Somerst","TwnhsE",8,5,2005,2005,4,2006,197000
1091,8544,"NAmes","Duplex",3,4,1950,1950,6,2009,92900
1092,2160,"Somerst","Twnhs",7,5,1999,2000,3,2008,160000
1093,8400,"SWISU","1Fam",6,5,1925,1950,6,2008,136500
1094,9230,"NAmes","1Fam",5,8,1965,1998,10,2006,146000
1095,5868,"NAmes","1Fam",5,7,1956,2000,5,2010,129000
1096,9317,"CollgCr","1Fam",6,5,2006,2006,3,2007,176432
1097,6882,"IDOTRR","1Fam",6,7,1914,2006,3,2007,127000
1098,3696,"StoneBr","TwnhsE",8,5,1986,1986,10,2007,170000
1099,6000,"BrkSide","1Fam",4,6,1936,1950,7,2009,128000
1100,11880,"NWAmes","1Fam",7,5,1978,1978,4,2009,157000
1101,8400,"SWISU","1Fam",2,5,1920,1950,1,2009,60000
1102,9758,"NAmes","1Fam",5,5,1971,1971,7,2007,119500
1103,7000,"NAmes","1Fam",5,7,1960,2002,4,2007,135000
1104,8910,"NAmes","1Fam",6,6,1959,1959,7,2006,159500
1105,2016,"BrDale","TwnhsE",5,5,1970,1970,4,2007,106000
1106,12256,"NoRidge","1Fam",8,5,1994,1995,4,2010,325000
1107,10357,"SawyerW","1Fam",7,5,1990,1991,5,2007,179900
1108,23257,"Gilbert","1Fam",7,5,2006,2006,9,2006,274725
1109,8063,"Gilbert","1Fam",6,5,2000,2000,11,2007,181000
1110,11362,"NridgHt","1Fam",8,5,2004,2005,3,2009,280000
1111,8000,"Gilbert","1Fam",6,5,1995,1996,6,2008,188000
1112,10480,"NWAmes","1Fam",7,6,1976,1976,9,2008,205000
1113,7100,"NAmes","1Fam",5,7,1957,1957,7,2006,129900
1114,8923,"NAmes","1Fam",5,7,1953,2006,5,2007,134500
1115,5400,"OldTown","1Fam",5,7,1954,2000,8,2006,117000
1116,12085,"NridgHt","1Fam",8,5,2007,2007,11,2007,318000
1117,7750,"Gilbert","1Fam",8,5,2002,2002,3,2009,184100
1118,9764,"Sawyer","1Fam",5,7,1967,2003,5,2008,130000
1119,13825,"Sawyer","1Fam",5,6,1958,1987,12,2008,140000
1120,7560,"NAmes","1Fam",5,5,1959,1959,7,2006,133700
1121,8263,"IDOTRR","1Fam",6,5,1920,1950,5,2007,118400
1122,10084,"CollgCr","1Fam",7,5,2005,2006,7,2006,212900
1123,8926,"Edwards","1Fam",4,3,1956,1956,10,2009,112000
1124,9405,"Edwards","1Fam",5,9,1947,2008,6,2009,118000
1125,9125,"Gilbert","1Fam",7,5,1992,1992,7,2007,163900
1126,10434,"NAmes","1Fam",4,5,1955,1955,11,2009,115000
1127,3684,"Blmngtn","TwnhsE",7,5,2007,2007,6,2009,174000
1128,14572,"Gilbert","1Fam",7,5,2004,2004,11,2007,259000
1129,11796,"Gilbert","1Fam",7,5,2004,2005,7,2007,215000
1130,7200,"OldTown","Duplex",5,5,1980,1980,8,2007,140000
1131,7804,"SWISU","1Fam",4,3,1928,1950,12,2009,135000
1132,10712,"Mitchel","1Fam",5,5,1991,1992,9,2007,93500
1133,9900,"OldTown","1Fam",6,4,1880,1950,5,2007,117500
1134,9828,"SawyerW","1Fam",8,5,1995,1995,6,2009,239500
1135,8773,"Gilbert","1Fam",6,5,1997,1997,8,2007,169000
1136,6180,"BrkSide","1Fam",6,5,1926,1950,5,2007,102000
1137,9600,"NAmes","1Fam",6,5,1950,1950,4,2008,119000
1138,6342,"Sawyer","1Fam",5,8,1875,1996,5,2010,94000
1139,9819,"Mitchel","1Fam",6,5,1977,1977,5,2009,196000
1140,8731,"BrkSide","1Fam",5,5,1920,1950,5,2007,144000
1141,7350,"NAmes","1Fam",5,7,1951,1951,6,2008,139000
1142,10304,"NWAmes","1Fam",5,7,1976,1976,10,2009,197500
1143,9965,"CollgCr","1Fam",8,5,2006,2007,4,2007,424870
1144,9000,"Sawyer","1Fam",5,3,1959,1959,7,2008,80000
1145,12180,"Edwards","2fmCon",4,4,1941,1950,7,2010,80000
1146,6240,"BrkSide","1Fam",5,6,1928,1950,8,2006,149000
1147,11200,"SawyerW","1Fam",6,5,1985,1985,5,2006,180000
1148,12000,"Crawfor","1Fam",7,7,1941,1950,7,2009,174500
1149,5700,"OldTown","1Fam",7,7,1926,1950,8,2008,116900
1150,9000,"OldTown","1Fam",7,9,1920,1988,7,2009,143000
1151,8280,"NAmes","1Fam",6,5,1950,1950,11,2007,124000
1152,17755,"Edwards","1Fam",5,4,1959,1959,11,2006,149900
1153,14115,"Crawfor","1Fam",6,7,1956,2004,7,2006,230000
1154,5890,"IDOTRR","1Fam",6,8,1930,2007,6,2008,120500
1155,13700,"NAmes","1Fam",7,6,1965,1988,5,2008,201800
1156,10768,"Veenker","1Fam",5,8,1976,2004,7,2007,218000
1157,9350,"NAmes","1Fam",5,8,1965,1999,10,2008,179900
1158,5001,"NridgHt","Twnhs",7,5,2007,2008,7,2009,230000
1159,11932,"Somerst","1Fam",8,5,2007,2008,6,2008,235128
1160,9120,"NWAmes","1Fam",6,6,1974,1974,7,2008,185000
1161,2280,"NPkVill","Twnhs",6,5,1978,1978,7,2010,146000
1162,14778,"Crawfor","1Fam",6,7,1954,2006,11,2008,224000
1163,8724,"Sawyer","1Fam",5,5,1968,1968,5,2007,129000
1164,12900,"Sawyer","Duplex",4,4,1969,1969,1,2008,108959
1165,16157,"Veenker","1Fam",5,7,1978,1978,6,2007,194000
1166,9541,"NridgHt","1Fam",7,5,2009,2009,9,2009,233170
1167,10475,"CollgCr","1Fam",8,5,2008,2008,2,2010,245350
1168,10852,"Gilbert","1Fam",6,5,2000,2000,2,2006,173000
1169,13728,"Edwards","1Fam",6,7,1935,1986,7,2008,235000
1170,35760,"NoRidge","1Fam",10,5,1995,1996,7,2006,625000
1171,9880,"Mitchel","1Fam",6,6,1977,1977,7,2008,171000
1172,9120,"NAmes","1Fam",6,6,1958,1958,11,2008,163000
1173,4017,"Somerst","TwnhsE",7,5,2006,2007,3,2008,171900
1174,18030,"ClearCr","1Fam",5,6,1946,1994,3,2007,200500
1175,16560,"Crawfor","1Fam",6,8,1932,1950,7,2006,239000
1176,10678,"NoRidge","1Fam",8,5,1992,2000,4,2007,285000
1177,6951,"Mitchel","1Fam",5,5,1984,1985,10,2008,119500
1178,3950,"OldTown","1Fam",6,8,1926,2004,12,2009,115000
1179,7681,"Crawfor","1Fam",5,6,1921,1950,7,2009,154900
1180,8335,"Edwards","1Fam",5,5,1954,1954,4,2006,93000
1181,11170,"Timber","1Fam",7,5,1990,1991,4,2006,250000
1182,5587,"Crawfor","TwnhsE",8,5,2008,2008,11,2008,392500
1183,15623,"NoRidge","1Fam",10,5,1996,1996,7,2007,745000
1184,10800,"OldTown","1Fam",5,6,1920,1950,6,2006,120000
1185,35133,"Timber","1Fam",5,4,1963,1963,5,2007,186700
1186,9738,"Edwards","1Fam",5,7,1924,1950,3,2006,104900
1187,10615,"OldTown","2fmCon",3,5,1900,1970,8,2009,95000
1188,12461,"NoRidge","1Fam",8,5,1994,1995,7,2006,262000
1189,8935,"CollgCr","1Fam",7,5,2002,2002,7,2009,195000
1190,7500,"Gilbert","1Fam",7,5,1999,1999,6,2010,189000
1191,32463,"Mitchel","2fmCon",4,4,1961,1975,3,2007,168000
1192,2645,"Somerst","Twnhs",8,5,1999,2000,11,2007,174000
1193,9600,"OldTown","1Fam",5,8,1925,1994,7,2007,125000
1194,4500,"Mitchel","TwnhsE",6,5,1999,1999,6,2009,165000
1195,9364,"Sawyer","1Fam",6,7,1969,1969,3,2010,158000
1196,8029,"Gilbert","1Fam",6,5,2005,2005,7,2008,176000
1197,14054,"Gilbert","1Fam",7,5,2006,2006,11,2006,219210
1198,8850,"OldTown","1Fam",7,6,1916,1950,7,2006,144000
1199,9100,"CollgCr","1Fam",7,5,2001,2001,6,2009,178000
1200,11235,"Sawyer","1Fam",4,5,1963,1979,10,2006,148000
1201,9353,"NAmes","1Fam",4,5,1970,1970,7,2006,116050
1202,10400,"CollgCr","1Fam",7,5,1998,1998,3,2009,197900
1203,6000,"BrkSide","1Fam",5,8,1925,1997,5,2009,117000
1204,9750,"CollgCr","1Fam",7,5,2000,2001,10,2009,213000
1205,10140,"NWAmes","1Fam",5,6,1975,1975,7,2006,153500
1206,14684,"SawyerW","1Fam",7,7,1990,1991,6,2009,271900
1207,8900,"SawyerW","1Fam",4,4,1966,1966,11,2006,107000
1208,9135,"CollgCr","1Fam",6,5,2003,2003,5,2006,200000
1209,7763,"NAmes","1Fam",5,7,1962,1980,10,2008,140000
1210,10182,"Somerst","1Fam",8,5,2006,2006,5,2006,290000
1211,11218,"SawyerW","1Fam",6,5,1992,1992,5,2010,189000
1212,12134,"Gilbert","1Fam",8,7,1988,2005,6,2010,164000
1213,9340,"Edwards","1Fam",4,6,1941,1950,8,2009,113000
1214,10246,"Sawyer","1Fam",4,9,1965,2001,5,2006,145000
1215,10205,"NAmes","1Fam",5,5,1962,1962,5,2006,134500
1216,7094,"Sawyer","1Fam",5,5,1966,1966,5,2007,125000
1217,8930,"Sawyer","Duplex",6,5,1978,1978,4,2010,112000
1218,8640,"Somerst","1Fam",8,5,2009,2009,9,2009,229456
1219,6240,"BrkSide","1Fam",4,5,1947,1950,7,2006,80500
1220,1680,"BrDale","Twnhs",6,5,1971,1971,4,2006,91500
1221,7800,"NAmes","1Fam",5,5,1964,1964,11,2006,115000
1222,8250,"Sawyer","1Fam",5,5,1968,1968,8,2008,134000
1223,10496,"NAmes","1Fam",6,6,1949,1950,1,2007,143000
1224,10680,"NAmes","1Fam",5,3,1951,1951,10,2006,137900
1225,15384,"Gilbert","1Fam",7,5,2004,2005,2,2008,184000
1226,10482,"NAmes","1Fam",6,8,1958,1958,6,2007,145000
1227,14598,"Somerst","1Fam",6,5,2007,2007,1,2008,214000
1228,8872,"NAmes","1Fam",5,8,1965,2008,12,2008,147000
1229,8769,"NridgHt","TwnhsE",9,5,2008,2008,10,2008,367294
1230,7910,"NAmes","1Fam",5,5,1960,1960,8,2008,127000
1231,18890,"Sawyer","Duplex",5,5,1977,1977,8,2007,190000
1232,7728,"NAmes","Duplex",5,6,1962,1962,5,2006,132500
1233,9842,"NAmes","Duplex",4,5,1962,1962,3,2007,101800
1234,12160,"NAmes","1Fam",5,5,1959,1959,5,2010,142000
1235,8525,"SWISU","1Fam",5,6,1911,1950,11,2008,130000
1236,13132,"Crawfor","1Fam",5,5,1914,1950,7,2006,138887
1237,2628,"NridgHt","Twnhs",7,5,2003,2003,6,2010,175500
1238,12393,"CollgCr","1Fam",7,5,2004,2005,9,2006,195000
1239,13072,"SawyerW","1Fam",6,5,2005,2005,3,2006,142500
1240,9037,"Timber","1Fam",8,5,2006,2006,12,2007,265900
1241,8158,"CollgCr","1Fam",7,5,2003,2003,7,2008,224900
1242,9849,"Somerst","1Fam",7,6,2007,2007,6,2007,248328
1243,10625,"NWAmes","1Fam",7,6,1974,1974,1,2010,170000
1244,13891,"NridgHt","1Fam",10,5,2006,2006,9,2006,465000
1245,11435,"Crawfor","1Fam",8,7,1929,1950,6,2006,230000
1246,12090,"NWAmes","1Fam",6,7,1984,2003,1,2007,178000
1247,8125,"Somerst","1Fam",7,5,2005,2006,3,2006,186500
1248,12328,"Mitchel","1Fam",6,5,1976,1976,5,2010,169900
1249,9600,"OldTown","1Fam",6,5,1917,1950,4,2008,129500
1250,7200,"NAmes","1Fam",5,7,1950,1950,5,2007,119000
1251,11160,"NAmes","1Fam",7,5,1968,1968,4,2010,244000
1252,3136,"NridgHt","TwnhsE",7,5,2003,2003,3,2006,171750
1253,9858,"Mitchel","1Fam",5,6,1968,1968,11,2009,130000
1254,17542,"Veenker","1Fam",7,7,1974,2003,7,2007,294000
1255,6931,"Edwards","1Fam",7,5,2003,2004,7,2008,165400
1256,6240,"BrkSide","1Fam",6,6,1931,1950,11,2007,127500
1257,14303,"NoRidge","1Fam",8,5,1994,1994,8,2008,301500
1258,4060,"Edwards","1Fam",5,8,1922,1950,7,2009,99900
1259,9587,"Gilbert","1Fam",7,5,2005,2005,7,2008,190000
1260,9750,"NAmes","1Fam",6,8,1969,1969,7,2008,151000
1261,24682,"Gilbert","1Fam",6,5,1999,1999,6,2009,181000
1262,9600,"NAmes","1Fam",5,6,1956,1956,6,2009,128900
1263,11250,"ClearCr","1Fam",4,5,1957,1989,11,2009,161500
1264,13515,"BrkSide","1Fam",6,6,1919,1950,7,2007,180500
1265,4060,"NAmes","TwnhsE",6,5,1998,1999,8,2008,181000
1266,3735,"Somerst","TwnhsE",7,5,1999,1999,3,2006,183900
1267,10120,"OldTown","2fmCon",7,4,1910,1950,1,2007,122000
1268,13214,"Timber","1Fam",9,5,2008,2009,5,2010,378500
1269,14100,"Crawfor","1Fam",8,9,1935,1997,5,2008,381000
1270,11344,"NAmes","1Fam",5,5,1958,1958,7,2007,144000
1271,23595,"ClearCr","1Fam",7,6,1979,1979,4,2010,260000
1272,9156,"NWAmes","1Fam",6,7,1968,1968,8,2009,185750
1273,13526,"Sawyer","1Fam",5,6,1965,1965,11,2006,137000
1274,11512,"Edwards","1Fam",6,7,1959,2006,5,2008,177000
1275,5362,"Crawfor","1Fam",5,6,1910,2003,11,2007,139000
1276,11345,"NAmes","Duplex",5,5,1948,1950,7,2007,137000
1277,12936,"NWAmes","1Fam",6,6,1972,1972,12,2009,162000
1278,17871,"NWAmes","1Fam",6,5,1967,1976,6,2009,197900
1279,9473,"CollgCr","1Fam",8,5,2002,2002,3,2008,237000
1280,7500,"IDOTRR","1Fam",4,4,1920,1950,4,2010,68400
1281,9808,"CollgCr","1Fam",7,5,2002,2002,3,2009,227000
1282,8049,"Timber","1Fam",7,5,1990,1990,7,2006,180000
1283,8800,"CollgCr","1Fam",5,7,1977,2008,9,2009,150500
1284,9400,"Mitchel","Duplex",6,5,1971,1971,4,2010,139000
1285,9638,"SWISU","1Fam",6,7,1919,1990,3,2010,169000
1286,6000,"BrkSide","1Fam",6,6,1939,1950,5,2009,132500
1287,9790,"NWAmes","1Fam",6,5,1963,1963,6,2010,143000
1288,36500,"ClearCr","1Fam",5,5,1964,1964,6,2006,190000
1289,5664,"StoneBr","TwnhsE",8,5,2000,2000,10,2009,278000
1290,11065,"NridgHt","1Fam",8,5,2006,2006,10,2006,281000
1291,14112,"NAmes","1Fam",5,7,1964,1964,4,2010,180500
1292,1680,"BrDale","Twnhs",5,7,1972,1972,2,2009,119500
1293,6600,"OldTown","1Fam",5,4,1892,1965,12,2009,107500
1294,10140,"NWAmes","1Fam",7,5,1976,1976,3,2006,162900
1295,8172,"Edwards","1Fam",5,7,1955,1990,4,2006,115000
1296,8400,"NAmes","1Fam",5,5,1968,1968,11,2006,138500
1297,8700,"NAmes","1Fam",5,6,1963,1963,12,2008,155000
1298,3675,"Edwards","TwnhsE",6,5,2005,2006,6,2006,140000
1299,63887,"Edwards","1Fam",10,5,2008,2008,1,2008,160000
1300,7500,"NAmes","1Fam",5,7,1959,1994,5,2010,154000
1301,10762,"Gilbert","1Fam",7,5,1999,1999,5,2009,225000
1302,7500,"Crawfor","1Fam",6,7,1942,1950,11,2009,177500
1303,10120,"NoRidge","1Fam",8,5,1994,1994,12,2006,290000
1304,8688,"Somerst","1Fam",7,5,2005,2005,4,2006,232000
1305,3363,"Edwards","TwnhsE",7,5,2004,2004,4,2006,130000
1306,13173,"NridgHt","1Fam",9,5,2006,2007,11,2009,325000
1307,6955,"NridgHt","TwnhsE",7,5,2005,2006,9,2006,202500
1308,8072,"CollgCr","1Fam",5,5,1994,1995,5,2009,138000
1309,12000,"OldTown","1Fam",5,7,1948,2005,5,2008,147000
1310,7153,"SawyerW","1Fam",6,5,1991,1991,6,2008,179200
1311,17500,"Crawfor","1Fam",7,8,1959,2002,5,2010,335000
1312,8814,"CollgCr","1Fam",7,5,2005,2007,1,2007,203000
1313,9572,"NoRidge","1Fam",8,5,1990,1990,6,2007,302000
1314,14774,"NoRidge","1Fam",9,5,1999,1999,5,2010,333168
1315,8190,"Edwards","1Fam",4,6,1954,1954,10,2007,119000
1316,11075,"NAmes","1Fam",6,5,1969,1969,6,2008,206900
1317,10226,"CollgCr","1Fam",8,5,2008,2008,1,2009,295493
1318,4230,"Somerst","TwnhsE",7,5,2006,2007,4,2007,208900
1319,14781,"CollgCr","1Fam",8,5,2001,2002,8,2006,275000
1320,10215,"Edwards","1Fam",4,5,1954,1954,2,2007,111000
1321,8400,"NAmes","1Fam",6,3,1957,1957,6,2009,156500
1322,6627,"BrkSide","1Fam",3,6,1949,1950,7,2008,72500
1323,10186,"NoRidge","1Fam",7,5,1992,1992,6,2010,190000
1324,5330,"BrkSide","1Fam",4,7,1940,1950,12,2009,82500
1325,9986,"Somerst","1Fam",8,5,2006,2007,2,2007,147000
1326,3636,"IDOTRR","1Fam",4,4,1922,1950,1,2008,55000
1327,4270,"Edwards","1Fam",3,6,1931,2006,5,2007,79000
1328,6600,"Mitchel","1Fam",5,9,1982,2008,10,2008,130500
1329,10440,"OldTown","1Fam",6,7,1920,1950,6,2008,256000
1330,9084,"Gilbert","1Fam",7,5,1998,1998,6,2006,176500
1331,10000,"Somerst","1Fam",8,5,2006,2006,12,2007,227000
1332,10780,"CollgCr","1Fam",5,5,1976,1976,7,2006,132500
1333,8877,"Edwards","1Fam",4,6,1938,1958,5,2009,100000
1334,7200,"IDOTRR","1Fam",5,6,1938,1995,7,2006,125500
1335,2368,"BrDale","TwnhsE",5,6,1970,1970,5,2009,125000
1336,9650,"NWAmes","1Fam",6,5,1977,1977,4,2009,167900
1337,9246,"NWAmes","Duplex",5,5,1973,1973,11,2008,135000
1338,4118,"OldTown","1Fam",4,4,1941,1950,3,2006,52500
1339,13450,"CollgCr","1Fam",7,5,2002,2002,6,2006,200000
1340,9560,"CollgCr","1Fam",5,7,1972,1972,6,2006,128500
1341,8294,"NAmes","1Fam",4,5,1971,1971,6,2007,123000
1342,13695,"SawyerW","1Fam",6,5,2003,2004,7,2008,155000
1343,9375,"CollgCr","1Fam",8,5,2002,2002,8,2007,228500
1344,7558,"Crawfor","1Fam",6,6,1928,1950,3,2009,177000
1345,11103,"CollgCr","1Fam",7,5,2006,2006,7,2007,155835
1346,6000,"OldTown","1Fam",4,4,1920,1950,7,2007,108500
1347,20781,"NWAmes","1Fam",7,7,1968,2003,6,2006,262500
1348,15306,"Timber","1Fam",8,5,2006,2007,5,2007,283463
1349,16196,"SawyerW","1Fam",7,5,1998,1998,8,2007,215000
1350,5250,"OldTown","1Fam",8,5,1872,1987,12,2008,122000
1351,11643,"NAmes","Duplex",5,5,1969,1969,8,2009,200000
1352,9247,"NAmes","1Fam",6,6,1962,1962,3,2008,171000
1353,6000,"BrkSide","1Fam",6,9,1937,2000,7,2009,134900
1354,14720,"NoRidge","1Fam",8,5,1995,1996,3,2010,410000
1355,10316,"CollgCr","1Fam",7,5,2000,2000,6,2008,235000
1356,10192,"NWAmes","1Fam",7,6,1968,1992,9,2006,170000
1357,9477,"NAmes","1Fam",5,5,1966,1966,10,2008,110000
1358,12537,"NAmes","1Fam",5,6,1971,2008,4,2010,149900
1359,2117,"Somerst","Twnhs",6,5,2000,2000,6,2010,177500
1360,16737,"NridgHt","1Fam",9,5,2004,2005,9,2006,315000
1361,9842,"SWISU","1Fam",5,6,1921,1998,5,2008,189000
1362,16158,"StoneBr","1Fam",7,5,2005,2005,6,2009,260000
1363,12513,"NAmes","1Fam",4,4,1920,2007,6,2009,104900
1364,8499,"Gilbert","1Fam",6,5,2006,2007,3,2007,156932
1365,3180,"Somerst","TwnhsE",7,5,2005,2005,4,2006,144152
1366,7500,"Somerst","1Fam",7,5,2000,2000,1,2010,216000
1367,9179,"CollgCr","1Fam",7,5,1999,1999,6,2008,193000
1368,2665,"MeadowV","TwnhsE",5,6,1977,1977,7,2006,127000
1369,4435,"CollgCr","TwnhsE",6,5,2003,2004,6,2009,144000
1370,10635,"CollgCr","1Fam",8,5,2003,2003,5,2010,232000
1371,5400,"OldTown","1Fam",4,6,1920,1950,10,2009,105000
1372,9600,"NAmes","1Fam",6,6,1955,1996,10,2008,165500
1373,9750,"CollgCr","1Fam",7,6,1998,1998,6,2006,274300
1374,11400,"NoRidge","1Fam",10,5,2001,2002,3,2007,466500
1375,10625,"Somerst","1Fam",7,5,2005,2005,7,2008,250000
1376,10991,"Timber","1Fam",8,5,2007,2007,12,2007,239000
1377,6292,"SWISU","1Fam",6,5,1930,1950,4,2008,91000
1378,10998,"Edwards","1Fam",5,5,1941,1960,7,2009,117000
1379,1953,"BrDale","Twnhs",6,5,1973,1973,6,2006,83000
1380,9735,"Timber","1Fam",5,5,2006,2007,5,2008,167500
1381,8212,"Edwards","1Fam",3,3,1914,1950,6,2010,58500
1382,12925,"NAmes","1Fam",6,7,1970,1970,5,2008,237500
1383,7200,"OldTown","1Fam",7,7,1920,1950,10,2006,157000
1384,25339,"Sawyer","1Fam",5,7,1918,2007,8,2007,112000
1385,9060,"Edwards","1Fam",6,5,1939,1950,10,2009,105000
1386,5436,"IDOTRR","1Fam",4,8,1922,2007,5,2010,125500
1387,16692,"NWAmes","1Fam",7,5,1978,1978,7,2006,250000
1388,8520,"OldTown","1Fam",6,7,1916,1950,8,2007,136000
1389,14892,"Gilbert","1Fam",9,5,2006,2007,10,2009,377500
1390,6000,"BrkSide","1Fam",6,6,1941,1950,3,2007,131000
1391,9100,"CollgCr","1Fam",7,5,2000,2000,9,2006,235000
1392,8944,"NAmes","Duplex",5,5,1967,1967,4,2009,124000
1393,7838,"NAmes","1Fam",5,5,1967,1967,12,2006,123000
1394,10800,"OldTown","2fmCon",6,7,1905,2000,4,2008,163000
1395,4045,"Blmngtn","TwnhsE",7,5,2006,2006,10,2006,246578
1396,12665,"Timber","1Fam",8,5,2005,2006,2,2007,281213
1397,57200,"Timber","1Fam",5,5,1948,1950,6,2010,160000
1398,6120,"BrkSide","1Fam",5,8,1920,2004,5,2007,137500
1399,7200,"NAmes","1Fam",5,4,1950,1982,5,2009,138000
1400,6171,"SWISU","1Fam",6,6,1925,1990,10,2009,137450
1401,6000,"BrkSide","1Fam",6,7,1929,1950,7,2008,120000
1402,7415,"Gilbert","1Fam",6,5,2004,2004,4,2008,193000
1403,6762,"CollgCr","1Fam",7,5,2006,2006,7,2006,193879
1404,15256,"Somerst","1Fam",8,5,2007,2007,8,2007,282922
1405,10410,"OldTown","1Fam",3,4,1915,1950,1,2006,105000
1406,3842,"Crawfor","TwnhsE",8,5,2004,2005,1,2008,275000
1407,8445,"CollgCr","1Fam",5,7,1972,2007,3,2009,133000
1408,8780,"Mitchel","1Fam",5,5,1985,1985,3,2009,112000
1409,7740,"OldTown","1Fam",4,7,1910,1950,6,2010,125500
1410,20544,"NWAmes","1Fam",7,6,1986,1991,11,2008,215000
1411,12420,"CollgCr","1Fam",7,5,2001,2001,6,2009,230000
1412,9600,"NAmes","1Fam",6,8,1950,2005,9,2009,140000
1413,7200,"NAmes","Duplex",4,5,1949,1950,6,2009,90000
1414,10994,"SawyerW","1Fam",8,5,2005,2006,9,2009,257000
1415,13053,"BrkSide","1Fam",6,7,1923,2000,6,2008,207000
1416,3635,"Blmngtn","TwnhsE",7,5,2007,2007,5,2009,175900
1417,11340,"OldTown","2fmCon",4,6,1885,1950,4,2010,122500
1418,16545,"NoRidge","1Fam",8,5,1998,1998,5,2009,340000
1419,9204,"NAmes","1Fam",5,5,1963,1963,8,2008,124000
1420,16381,"Crawfor","1Fam",6,5,1969,1969,12,2006,223000
1421,11700,"NWAmes","1Fam",6,6,1968,1968,5,2006,179900
1422,4043,"NPkVill","TwnhsE",6,5,1977,1977,7,2010,127500
1423,4435,"CollgCr","TwnhsE",6,5,2003,2003,3,2008,136500
1424,19690,"Edwards","1Fam",6,7,1966,1966,8,2006,274970
1425,9503,"NAmes","1Fam",5,5,1958,1983,6,2007,144000
1426,10721,"NAmes","1Fam",6,6,1959,1959,10,2008,142000
1427,10944,"NoRidge","1Fam",7,5,1994,1994,8,2008,271000
1428,10930,"NAmes","1Fam",5,6,1945,1950,4,2008,140000
1429,7200,"OldTown","1Fam",5,7,1940,1992,2,2010,119000
1430,12546,"NWAmes","1Fam",6,7,1981,1981,4,2007,182900
1431,21930,"Gilbert","1Fam",5,5,2005,2005,7,2006,192140
1432,4928,"NPkVill","TwnhsE",6,6,1976,1976,10,2009,143750
1433,10800,"OldTown","1Fam",4,6,1927,2007,8,2007,64500
1434,10261,"Gilbert","1Fam",6,5,2000,2000,5,2008,186500
1435,17400,"Mitchel","1Fam",5,5,1977,1977,5,2006,160000
1436,8400,"NAmes","1Fam",6,9,1962,2005,7,2008,174000
1437,9000,"NAmes","1Fam",4,6,1971,1971,5,2007,120500
1438,12444,"NridgHt","1Fam",8,5,2008,2008,11,2008,394617
1439,7407,"OldTown","1Fam",6,7,1957,1996,4,2010,149700
1440,11584,"NWAmes","1Fam",7,6,1979,1979,11,2007,197000
1441,11526,"Crawfor","1Fam",6,7,1922,1994,9,2008,191000
1442,4426,"CollgCr","TwnhsE",6,5,2004,2004,5,2008,149300
1443,11003,"Somerst","1Fam",10,5,2008,2008,4,2009,310000
1444,8854,"BrkSide","1Fam",6,6,1916,1950,5,2009,121000
1445,8500,"CollgCr","1Fam",7,5,2004,2004,11,2007,179600
1446,8400,"Sawyer","1Fam",6,5,1966,1966,5,2007,129000
1447,26142,"Mitchel","1Fam",5,7,1962,1962,4,2010,157900
1448,10000,"CollgCr","1Fam",8,5,1995,1996,12,2007,240000
1449,11767,"Edwards","1Fam",4,7,1910,2000,5,2007,112000
1450,1533,"MeadowV","Twnhs",5,7,1970,1970,8,2006,92000
1451,9000,"NAmes","Duplex",5,5,1974,1974,9,2009,136000
1452,9262,"Somerst","1Fam",8,5,2008,2009,5,2009,287090
1453,3675,"Edwards","TwnhsE",5,5,2005,2005,5,2006,145000
1454,17217,"Mitchel","1Fam",5,5,2006,2006,7,2006,84500
1455,7500,"Somerst","1Fam",7,5,2004,2005,10,2009,185000
1456,7917,"Gilbert","1Fam",6,5,1999,2000,8,2007,175000
1457,13175,"NWAmes","1Fam",6,6,1978,1988,2,2010,210000
1458,9042,"Crawfor","1Fam",7,9,1941,2006,5,2010,266500
1459,9717,"NAmes","1Fam",5,6,1950,1996,4,2010,142125
1460,9937,"Edwards","1Fam",5,6,1965,1965,6,2008,147500
